Event_ID,Seat_ID,People_Count,Turnstile_Count,BLE_Pings,Pressure_Mat_Activations,Frame_ID,Detected_Heads,Seat_Occupancy_Prob,Visibility_Score,Seat_X,Seat_Y,Zone_Capacity,Timestamp,Gate_ID,Ticket_Class,Purchase_Type,Staff_On_Duty,Gate_Status,Alerts,Total_Attendance,Zone_Attendance,Sellout_Rate(%),Drill_Timestamp,Evacuation_Time(min),Congestion_Hotspot,Inflow,Inflow_Capacity,Outflow,Outflow_Capacity
201,C01,83,75,596,53,4018,79,0.07,0.75,34,32,1211,08/13/2024 18:00,South,Economy,At-Gate,22,Open,Blockage,55788,6391,93,08/18/2024 18:00,4.19,Z1,335.0,749.0,394.0,640.0
201,C02,81,74,575,86,1398,80,0.07,0.79,45,35,1106,08/13/2024 18:00,South,Economy,At-Gate,22,Open,Blockage,55788,6391,93,08/18/2024 18:00,4.19,Z1,295.0,398.0,322.0,855.0
201,C03,103,100,410,90,3716,100,0.09,0.84,41,26,1121,08/13/2024 18:00,South,Economy,At-Gate,22,Open,Blockage,55788,6391,93,08/18/2024 18:00,4.19,Z1,151.0,247.0,199.0,389.0
201,C04,63,53,460,54,2518,62,0.06,0.81,8,42,1047,08/13/2024 18:00,South,Economy,At-Gate,22,Open,Blockage,55788,6391,93,08/18/2024 18:00,4.19,Z1,54.0,132.0,522.0,783.0
201,C05,190,180,254,70,2763,190,0.18,0.94,28,8,1081,08/13/2024 18:00,South,Economy,At-Gate,22,Open,Blockage,55788,6391,93,08/18/2024 18:00,4.19,Z1,124.0,286.0,582.0,935.0
201,C06,90,83,255,92,1778,87,0.07,0.88,50,16,1258,08/13/2024 18:00,South,Economy,At-Gate,22,Open,Blockage,55788,6391,93,08/18/2024 18:00,4.19,Z1,581.0,930.0,342.0,558.0
201,C07,133,127,385,64,1295,133,0.12,0.81,41,33,1144,08/13/2024 18:00,South,Economy,At-Gate,22,Open,Blockage,55788,6391,93,08/18/2024 18:00,4.19,Z1,0.0,0.0,0.0,0.0
201,C08,69,67,243,102,1860,64,0.05,0.85,42,40,1290,08/13/2024 18:00,South,Economy,At-Gate,22,Open,Blockage,55788,6391,93,08/18/2024 18:00,4.19,Z1,215.0,278.0,384.0,548.0
201,C09,136,131,212,61,1210,134,0.1,0.93,48,34,1326,08/13/2024 18:00,South,Economy,At-Gate,22,Open,Blockage,55788,6391,93,08/18/2024 18:00,4.19,Z1,400.0,659.0,339.0,490.0
201,C10,75,67,242,105,2840,70,0.07,0.9,12,28,1027,08/13/2024 18:00,South,Economy,At-Gate,22,Open,Blockage,55788,6391,93,08/18/2024 18:00,4.19,Z1,905.0,1337.0,88.0,125.0
201,C11,131,124,363,77,2792,131,0.15,0.79,16,28,849,08/13/2024 18:00,South,Economy,At-Gate,22,Open,Blockage,55788,6391,93,08/18/2024 18:00,4.19,Z1,145.0,423.0,360.0,472.0
201,C12,155,146,346,102,3453,154,0.12,0.94,36,19,1283,08/13/2024 18:00,South,Economy,At-Gate,22,Open,Blockage,55788,6391,93,08/18/2024 18:00,4.19,Z1,199.0,414.0,365.0,514.0
201,C13,61,54,393,108,2025,56,0.05,0.84,36,49,1259,08/13/2024 18:00,South,Economy,At-Gate,22,Open,Blockage,55788,6391,93,08/18/2024 18:00,4.19,Z1,446.0,558.0,258.0,547.0
201,C14,123,115,508,62,2042,119,0.14,0.77,40,33,904,08/13/2024 18:00,South,Economy,At-Gate,22,Open,Blockage,55788,6391,93,08/18/2024 18:00,4.19,Z1,0.0,0.0,353.0,402.0
201,C15,184,181,357,90,4295,183,0.19,0.93,41,6,945,08/13/2024 18:00,South,Economy,At-Gate,22,Open,Blockage,55788,6391,93,08/18/2024 18:00,4.19,Z1,146.0,185.0,297.0,490.0
201,C16,124,116,509,89,4895,120,0.1,0.84,41,22,1291,08/13/2024 18:00,South,Economy,At-Gate,22,Open,Blockage,55788,6391,93,08/18/2024 18:00,4.19,Z1,501.0,834.0,532.0,757.0
201,C17,63,53,467,108,3082,63,0.07,0.76,20,22,927,08/13/2024 18:00,South,Economy,At-Gate,22,Open,Blockage,55788,6391,93,08/18/2024 18:00,4.19,Z1,296.0,564.0,0.0,0.0
201,C18,152,145,373,96,4804,149,0.12,0.93,36,15,1280,08/13/2024 18:00,South,Economy,At-Gate,22,Open,Blockage,55788,6391,93,08/18/2024 18:00,4.19,Z1,427.0,640.0,373.0,510.0
201,C19,176,169,543,117,2761,171,0.14,0.85,40,40,1252,08/13/2024 18:00,South,Economy,At-Gate,22,Open,Blockage,55788,6391,93,08/18/2024 18:00,4.19,Z1,447.0,535.0,126.0,130.0
201,C20,85,78,231,109,3227,83,0.07,0.94,31,41,1156,08/13/2024 18:00,South,Economy,At-Gate,22,Open,Blockage,55788,6391,93,08/18/2024 18:00,4.19,Z1,338.0,395.0,136.0,178.0
201,C21,54,50,411,116,2780,50,0.06,0.77,5,49,920,08/13/2024 18:00,South,Economy,At-Gate,22,Open,Blockage,55788,6391,93,08/18/2024 18:00,4.19,Z1,0.0,0.0,473.0,621.0
201,C22,182,174,585,80,3693,181,0.17,0.81,50,28,1094,08/13/2024 18:00,South,Economy,At-Gate,22,Open,Blockage,55788,6391,93,08/18/2024 18:00,4.19,Z1,98.0,282.0,52.0,206.0
201,C23,65,60,233,68,1886,60,0.05,0.8,19,44,1204,08/13/2024 18:00,South,Economy,At-Gate,22,Open,Blockage,55788,6391,93,08/18/2024 18:00,4.19,Z1,393.0,528.0,433.0,793.0
201,C24,199,197,279,80,1133,194,0.18,0.78,42,30,1126,08/13/2024 18:00,South,Economy,At-Gate,22,Open,Blockage,55788,6391,93,08/18/2024 18:00,4.19,Z1,147.0,255.0,136.0,275.0
201,C25,144,141,240,99,3451,142,0.1,0.76,38,45,1395,08/13/2024 18:00,South,Economy,At-Gate,22,Open,Blockage,55788,6391,93,08/18/2024 18:00,4.19,Z1,236.0,364.0,461.0,905.0
201,C26,86,79,481,103,4638,85,0.1,0.9,6,14,878,08/13/2024 18:00,South,Economy,At-Gate,22,Open,Blockage,55788,6391,93,08/18/2024 18:00,4.19,Z1,182.0,287.0,81.0,298.0
201,C27,82,77,346,116,3904,77,0.09,0.94,15,7,930,08/13/2024 18:00,South,Economy,At-Gate,22,Open,Blockage,55788,6391,93,08/18/2024 18:00,4.19,Z1,131.0,189.0,580.0,663.0
201,C28,200,197,529,104,3265,199,0.13,0.76,40,49,1488,08/13/2024 18:00,South,Economy,At-Gate,22,Open,Blockage,55788,6391,93,08/18/2024 18:00,4.19,Z1,753.0,1620.0,395.0,600.0
201,C29,84,79,388,72,4096,83,0.06,0.92,9,23,1407,08/13/2024 18:00,South,Economy,At-Gate,22,Open,Blockage,55788,6391,93,08/18/2024 18:00,4.19,Z1,506.0,655.0,570.0,910.0
201,C30,109,104,246,66,2707,108,0.1,0.85,30,39,1110,08/13/2024 18:00,South,Economy,At-Gate,22,Open,Blockage,55788,6391,93,08/18/2024 18:00,4.19,Z1,407.0,730.0,146.0,185.0
201,C31,116,108,482,105,1269,116,0.08,0.85,50,33,1411,08/13/2024 18:00,South,Economy,At-Gate,22,Open,Blockage,55788,6391,93,08/18/2024 18:00,4.19,Z1,386.0,745.0,366.0,600.0
201,C32,60,56,590,98,4403,55,0.05,0.78,50,34,1279,08/13/2024 18:00,South,Economy,At-Gate,22,Open,Blockage,55788,6391,93,08/18/2024 18:00,4.19,Z1,86.0,124.0,54.0,132.0
201,C33,67,60,405,110,1406,64,0.06,0.94,44,13,1165,08/13/2024 18:00,South,Economy,At-Gate,22,Open,Blockage,55788,6391,93,08/18/2024 18:00,4.19,Z1,851.0,1437.0,287.0,376.0
201,C34,93,93,301,53,2401,91,0.08,0.89,14,6,1129,08/13/2024 18:00,South,Economy,At-Gate,22,Open,Blockage,55788,6391,93,08/18/2024 18:00,4.19,Z1,136.0,178.0,78.0,165.0
201,C35,124,118,453,103,1741,120,0.09,0.87,36,30,1446,08/13/2024 18:00,South,Economy,At-Gate,22,Open,Blockage,55788,6391,93,08/18/2024 18:00,4.19,Z1,192.0,516.0,228.0,261.0
201,C36,199,199,248,69,3679,198,0.16,0.73,30,5,1237,08/13/2024 18:00,South,Economy,At-Gate,22,Open,Blockage,55788,6391,93,08/18/2024 18:00,4.19,Z1,680.0,750.0,135.0,252.0
201,C37,173,163,539,82,2990,169,0.2,0.84,7,45,863,08/13/2024 18:00,South,Economy,At-Gate,22,Open,Blockage,55788,6391,93,08/18/2024 18:00,4.19,Z1,135.0,263.0,318.0,637.0
201,C38,93,93,422,79,4731,88,0.07,0.91,18,28,1376,08/13/2024 18:00,South,Economy,At-Gate,22,Open,Blockage,55788,6391,93,08/18/2024 18:00,4.19,Z1,276.0,366.0,348.0,514.0
201,C39,76,73,380,56,2286,74,0.06,0.85,18,49,1274,08/13/2024 18:00,South,Economy,At-Gate,22,Open,Blockage,55788,6391,93,08/18/2024 18:00,4.19,Z1,130.0,217.0,321.0,420.0
201,C40,115,115,394,115,1725,112,0.11,0.84,5,31,1020,08/13/2024 18:00,South,Economy,At-Gate,22,Open,Blockage,55788,6391,93,08/18/2024 18:00,4.19,Z1,115.0,356.0,65.0,291.0
201,C41,115,115,386,104,3323,113,0.1,0.77,37,12,1174,08/13/2024 18:00,South,Economy,At-Gate,22,Open,Blockage,55788,6391,93,08/18/2024 18:00,4.19,Z1,307.0,662.0,409.0,568.0
201,C42,181,175,289,84,2223,180,0.19,0.75,48,24,944,08/13/2024 18:00,South,Economy,At-Gate,22,Open,Blockage,55788,6391,93,08/18/2024 18:00,4.19,Z1,205.0,435.0,372.0,561.0
201,C43,116,113,383,101,2432,114,0.1,0.87,43,29,1141,08/13/2024 18:00,South,Economy,At-Gate,22,Open,Blockage,55788,6391,93,08/18/2024 18:00,4.19,Z1,613.0,908.0,296.0,475.0
201,C44,98,88,513,70,4084,93,0.1,0.71,36,50,942,08/13/2024 18:00,South,Economy,At-Gate,22,Open,Blockage,55788,6391,93,08/18/2024 18:00,4.19,Z1,434.0,736.0,409.0,872.0
201,C45,129,124,380,107,1101,125,0.1,0.82,29,10,1290,08/13/2024 18:00,South,Economy,At-Gate,22,Open,Blockage,55788,6391,93,08/18/2024 18:00,4.19,Z1,394.0,490.0,475.0,931.0
201,C46,186,181,413,109,2603,181,0.13,0.92,17,34,1442,08/13/2024 18:00,South,Economy,At-Gate,22,Open,Blockage,55788,6391,93,08/18/2024 18:00,4.19,Z1,242.0,288.0,373.0,516.0
201,C47,85,79,541,87,4829,82,0.07,0.85,40,20,1185,08/13/2024 18:00,South,Economy,At-Gate,22,Open,Blockage,55788,6391,93,08/18/2024 18:00,4.19,Z1,201.0,369.0,194.0,441.0
201,C48,73,66,595,117,1245,68,0.07,0.72,43,50,1009,08/13/2024 18:00,South,Economy,At-Gate,22,Open,Blockage,55788,6391,93,08/18/2024 18:00,4.19,Z1,102.0,153.0,166.0,236.0
201,C49,192,184,434,51,4312,188,0.15,0.82,13,12,1295,08/13/2024 18:00,South,Economy,At-Gate,22,Open,Blockage,55788,6391,93,08/18/2024 18:00,4.19,Z1,218.0,443.0,215.0,438.0
201,C50,88,85,240,91,4269,85,0.08,0.74,29,15,1154,08/13/2024 18:00,South,Economy,At-Gate,22,Open,Blockage,55788,6391,93,08/18/2024 18:00,4.19,Z1,217.0,390.0,370.0,835.0
202,C01,111,102,357,113,1279,107,0.12,0.85,12,12,944,08-04-2024 18:00,West,VIP,Pre,10,Open,,53566,10561,94,08/19/2024 18:00,5.35,Z10,262.0,290.0,406.0,655.0
202,C02,78,78,291,81,1862,74,0.06,0.88,44,45,1412,08-04-2024 18:00,West,VIP,Pre,10,Open,,53566,10561,94,08/19/2024 18:00,5.35,Z10,146.0,275.0,150.0,257.0
202,C03,182,179,332,52,2696,182,0.19,0.95,34,11,966,08-04-2024 18:00,West,VIP,Pre,10,Open,,53566,10561,94,08/19/2024 18:00,5.35,Z10,559.0,785.0,469.0,541.0
202,C04,139,133,380,94,1647,136,0.16,0.94,34,45,884,08-04-2024 18:00,West,VIP,Pre,10,Open,,53566,10561,94,08/19/2024 18:00,5.35,Z10,186.0,280.0,0.0,0.0
202,C05,175,166,406,110,1497,175,0.2,0.75,27,17,897,08-04-2024 18:00,West,VIP,Pre,10,Open,,53566,10561,94,08/19/2024 18:00,5.35,Z10,589.0,903.0,375.0,544.0
202,C06,72,66,509,63,3857,72,0.07,0.86,47,13,996,08-04-2024 18:00,West,VIP,Pre,10,Open,,53566,10561,94,08/19/2024 18:00,5.35,Z10,371.0,596.0,275.0,367.0
202,C07,94,94,491,76,3471,89,0.07,0.71,45,31,1347,08-04-2024 18:00,West,VIP,Pre,10,Open,,53566,10561,94,08/19/2024 18:00,5.35,Z10,0.0,0.0,450.0,533.0
202,C08,200,194,338,67,1940,200,0.18,0.95,41,8,1094,08-04-2024 18:00,West,VIP,Pre,10,Open,,53566,10561,94,08/19/2024 18:00,5.35,Z10,0.0,0.0,615.0,891.0
202,C09,128,118,503,117,2624,127,0.12,0.95,46,38,1085,08-04-2024 18:00,West,VIP,Pre,10,Open,,53566,10561,94,08/19/2024 18:00,5.35,Z10,210.0,465.0,69.0,168.0
202,C10,110,102,598,119,4667,106,0.14,0.82,36,18,814,08-04-2024 18:00,West,VIP,Pre,10,Open,,53566,10561,94,08/19/2024 18:00,5.35,Z10,443.0,785.0,557.0,1304.0
202,C11,148,148,312,81,2215,148,0.14,0.72,11,30,1083,08-04-2024 18:00,West,VIP,Pre,10,Open,,53566,10561,94,08/19/2024 18:00,5.35,Z10,413.0,612.0,0.0,0.0
202,C12,172,164,421,54,4692,169,0.13,0.8,41,12,1301,08-04-2024 18:00,West,VIP,Pre,10,Open,,53566,10561,94,08/19/2024 18:00,5.35,Z10,398.0,464.0,322.0,709.0
202,C13,123,118,472,51,1421,120,0.09,0.78,31,11,1430,08-04-2024 18:00,West,VIP,Pre,10,Open,,53566,10561,94,08/19/2024 18:00,5.35,Z10,934.0,1107.0,94.0,102.0
202,C14,113,106,246,97,3751,111,0.12,0.72,31,18,938,08-04-2024 18:00,West,VIP,Pre,10,Open,,53566,10561,94,08/19/2024 18:00,5.35,Z10,860.0,1270.0,111.0,245.0
202,C15,106,96,509,55,3167,105,0.09,0.91,15,17,1171,08-04-2024 18:00,West,VIP,Pre,10,Open,,53566,10561,94,08/19/2024 18:00,5.35,Z10,72.0,260.0,389.0,488.0
202,C16,110,100,426,69,2013,106,0.09,0.88,10,33,1205,08-04-2024 18:00,West,VIP,Pre,10,Open,,53566,10561,94,08/19/2024 18:00,5.35,Z10,452.0,676.0,164.0,398.0
202,C17,71,67,465,79,1222,69,0.08,0.77,24,27,901,08-04-2024 18:00,West,VIP,Pre,10,Open,,53566,10561,94,08/19/2024 18:00,5.35,Z10,123.0,126.0,100.0,129.0
202,C18,127,119,444,106,3714,127,0.09,0.74,28,20,1438,08-04-2024 18:00,West,VIP,Pre,10,Open,,53566,10561,94,08/19/2024 18:00,5.35,Z10,59.0,180.0,179.0,405.0
202,C19,106,103,240,117,1389,105,0.07,0.88,19,13,1439,08-04-2024 18:00,West,VIP,Pre,10,Open,,53566,10561,94,08/19/2024 18:00,5.35,Z10,219.0,304.0,216.0,364.0
202,C20,60,56,525,90,2935,57,0.04,0.9,12,27,1433,08-04-2024 18:00,West,VIP,Pre,10,Open,,53566,10561,94,08/19/2024 18:00,5.35,Z10,155.0,271.0,0.0,0.0
202,C21,76,68,233,84,4430,71,0.06,0.88,13,42,1264,08-04-2024 18:00,West,VIP,Pre,10,Open,,53566,10561,94,08/19/2024 18:00,5.35,Z10,452.0,681.0,495.0,709.0
202,C22,86,82,587,88,1377,81,0.06,0.93,26,39,1334,08-04-2024 18:00,West,VIP,Pre,10,Open,,53566,10561,94,08/19/2024 18:00,5.35,Z10,120.0,126.0,312.0,516.0
202,C23,164,163,561,61,1271,159,0.17,0.8,18,36,970,08-04-2024 18:00,West,VIP,Pre,10,Open,,53566,10561,94,08/19/2024 18:00,5.35,Z10,704.0,867.0,145.0,249.0
202,C24,132,122,507,53,3643,132,0.14,0.77,16,28,914,08-04-2024 18:00,West,VIP,Pre,10,Open,,53566,10561,94,08/19/2024 18:00,5.35,Z10,189.0,556.0,179.0,317.0
202,C25,53,53,380,63,1500,48,0.04,0.78,15,15,1432,08-04-2024 18:00,West,VIP,Pre,10,Open,,53566,10561,94,08/19/2024 18:00,5.35,Z10,337.0,390.0,353.0,371.0
202,C26,140,136,402,112,2859,137,0.11,0.76,50,22,1289,08-04-2024 18:00,West,VIP,Pre,10,Open,,53566,10561,94,08/19/2024 18:00,5.35,Z10,353.0,498.0,180.0,476.0
202,C27,160,151,391,112,4287,157,0.11,0.84,14,40,1460,08-04-2024 18:00,West,VIP,Pre,10,Open,,53566,10561,94,08/19/2024 18:00,5.35,Z10,445.0,626.0,623.0,869.0
202,C28,74,66,507,116,4126,73,0.08,0.74,29,32,984,08-04-2024 18:00,West,VIP,Pre,10,Open,,53566,10561,94,08/19/2024 18:00,5.35,Z10,0.0,0.0,925.0,1229.0
202,C29,151,148,513,101,2959,150,0.15,0.81,5,42,984,08-04-2024 18:00,West,VIP,Pre,10,Open,,53566,10561,94,08/19/2024 18:00,5.35,Z10,332.0,582.0,0.0,0.0
202,C30,103,98,483,85,3467,98,0.07,0.85,37,27,1476,08-04-2024 18:00,West,VIP,Pre,10,Open,,53566,10561,94,08/19/2024 18:00,5.35,Z10,332.0,419.0,184.0,257.0
202,C31,136,127,313,52,1410,132,0.11,0.93,22,32,1184,08-04-2024 18:00,West,VIP,Pre,10,Open,,53566,10561,94,08/19/2024 18:00,5.35,Z10,234.0,473.0,119.0,281.0
202,C32,179,179,340,71,4894,175,0.12,0.76,43,11,1451,08-04-2024 18:00,West,VIP,Pre,10,Open,,53566,10561,94,08/19/2024 18:00,5.35,Z10,402.0,664.0,72.0,260.0
202,C33,98,89,227,111,2550,96,0.09,0.85,18,36,1047,08-04-2024 18:00,West,VIP,Pre,10,Open,,53566,10561,94,08/19/2024 18:00,5.35,Z10,895.0,1245.0,114.0,146.0
202,C34,143,140,423,108,1179,142,0.13,0.88,42,31,1065,08-04-2024 18:00,West,VIP,Pre,10,Open,,53566,10561,94,08/19/2024 18:00,5.35,Z10,0.0,0.0,848.0,1140.0
202,C35,176,167,417,59,4546,173,0.18,0.86,46,21,995,08-04-2024 18:00,West,VIP,Pre,10,Open,,53566,10561,94,08/19/2024 18:00,5.35,Z10,233.0,255.0,373.0,476.0
202,C36,163,159,488,97,2220,158,0.11,0.81,48,45,1488,08-04-2024 18:00,West,VIP,Pre,10,Open,,53566,10561,94,08/19/2024 18:00,5.35,Z10,381.0,428.0,268.0,619.0
202,C37,173,164,403,97,1173,171,0.17,0.84,33,20,995,08-04-2024 18:00,West,VIP,Pre,10,Open,,53566,10561,94,08/19/2024 18:00,5.35,Z10,0.0,0.0,388.0,566.0
202,C38,129,123,589,58,2283,126,0.12,0.76,11,15,1097,08-04-2024 18:00,West,VIP,Pre,10,Open,,53566,10561,94,08/19/2024 18:00,5.35,Z10,183.0,369.0,400.0,449.0
202,C39,109,109,353,90,3828,109,0.07,0.79,23,50,1490,08-04-2024 18:00,West,VIP,Pre,10,Open,,53566,10561,94,08/19/2024 18:00,5.35,Z10,304.0,486.0,74.0,227.0
202,C40,120,113,505,54,3490,115,0.14,0.76,9,5,851,08-04-2024 18:00,West,VIP,Pre,10,Open,,53566,10561,94,08/19/2024 18:00,5.35,Z10,160.0,182.0,455.0,669.0
202,C41,59,54,313,87,1960,56,0.04,0.86,37,34,1387,08-04-2024 18:00,West,VIP,Pre,10,Open,,53566,10561,94,08/19/2024 18:00,5.35,Z10,1098.0,1500.0,449.0,925.0
202,C42,151,150,446,117,1927,149,0.16,0.77,23,31,961,08-04-2024 18:00,West,VIP,Pre,10,Open,,53566,10561,94,08/19/2024 18:00,5.35,Z10,578.0,1003.0,381.0,455.0
202,C43,151,141,381,76,3313,146,0.13,0.79,42,24,1178,08-04-2024 18:00,West,VIP,Pre,10,Open,,53566,10561,94,08/19/2024 18:00,5.35,Z10,382.0,775.0,469.0,660.0
202,C44,167,159,305,93,4448,166,0.12,0.82,37,36,1366,08-04-2024 18:00,West,VIP,Pre,10,Open,,53566,10561,94,08/19/2024 18:00,5.35,Z10,0.0,0.0,599.0,970.0
202,C45,141,138,514,98,2850,138,0.11,0.71,33,24,1257,08-04-2024 18:00,West,VIP,Pre,10,Open,,53566,10561,94,08/19/2024 18:00,5.35,Z10,475.0,952.0,613.0,727.0
202,C46,92,89,548,109,4974,91,0.06,0.86,11,44,1452,08-04-2024 18:00,West,VIP,Pre,10,Open,,53566,10561,94,08/19/2024 18:00,5.35,Z10,144.0,402.0,452.0,480.0
202,C47,194,186,272,118,2288,191,0.16,0.83,27,23,1232,08-04-2024 18:00,West,VIP,Pre,10,Open,,53566,10561,94,08/19/2024 18:00,5.35,Z10,242.0,277.0,576.0,944.0
202,C48,182,173,597,108,2714,179,0.2,0.72,12,32,895,08-04-2024 18:00,West,VIP,Pre,10,Open,,53566,10561,94,08/19/2024 18:00,5.35,Z10,191.0,390.0,296.0,391.0
202,C49,112,111,263,55,1015,108,0.07,0.8,28,5,1500,08-04-2024 18:00,West,VIP,Pre,10,Open,,53566,10561,94,08/19/2024 18:00,5.35,Z10,90.0,153.0,121.0,137.0
202,C50,104,103,267,69,1758,100,0.12,0.88,45,7,855,08-04-2024 18:00,West,VIP,Pre,10,Open,,53566,10561,94,08/19/2024 18:00,5.35,Z10,90.0,200.0,393.0,533.0
203,C01,163,160,324,88,4083,163,0.17,0.85,9,9,969,08-10-2024 18:00,East,VIP,At-Gate,18,Closed,Overcrowding,46497,9455,91,08/19/2024 18:00,4.4,Z6,155.0,364.0,203.0,299.0
203,C02,106,98,557,73,3510,102,0.12,0.73,29,34,903,08-10-2024 18:00,East,VIP,At-Gate,18,Closed,Overcrowding,46497,9455,91,08/19/2024 18:00,4.4,Z6,156.0,258.0,598.0,841.0
203,C03,86,83,493,99,2106,86,0.07,0.75,14,40,1199,08-10-2024 18:00,East,VIP,At-Gate,18,Closed,Overcrowding,46497,9455,91,08/19/2024 18:00,4.4,Z6,233.0,295.0,506.0,829.0
203,C04,127,123,457,99,3201,122,0.14,0.7,20,12,939,08-10-2024 18:00,East,VIP,At-Gate,18,Closed,Overcrowding,46497,9455,91,08/19/2024 18:00,4.4,Z6,193.0,345.0,187.0,399.0
203,C05,141,136,451,71,3833,136,0.11,0.74,29,10,1271,08-10-2024 18:00,East,VIP,At-Gate,18,Closed,Overcrowding,46497,9455,91,08/19/2024 18:00,4.4,Z6,549.0,803.0,158.0,291.0
203,C06,160,159,508,100,2484,159,0.14,0.84,11,11,1172,08-10-2024 18:00,East,VIP,At-Gate,18,Closed,Overcrowding,46497,9455,91,08/19/2024 18:00,4.4,Z6,135.0,273.0,65.0,113.0
203,C07,101,101,443,82,2694,97,0.07,0.93,18,14,1350,08-10-2024 18:00,East,VIP,At-Gate,18,Closed,Overcrowding,46497,9455,91,08/19/2024 18:00,4.4,Z6,580.0,995.0,255.0,270.0
203,C08,131,131,330,79,1299,131,0.13,0.75,12,44,1030,08-10-2024 18:00,East,VIP,At-Gate,18,Closed,Overcrowding,46497,9455,91,08/19/2024 18:00,4.4,Z6,319.0,603.0,255.0,278.0
203,C09,156,152,433,86,2419,156,0.11,0.71,26,34,1436,08-10-2024 18:00,East,VIP,At-Gate,18,Closed,Overcrowding,46497,9455,91,08/19/2024 18:00,4.4,Z6,210.0,473.0,238.0,421.0
203,C10,101,96,583,116,1978,97,0.08,0.73,40,31,1303,08-10-2024 18:00,East,VIP,At-Gate,18,Closed,Overcrowding,46497,9455,91,08/19/2024 18:00,4.4,Z6,424.0,533.0,426.0,778.0
203,C11,155,145,383,54,3844,151,0.17,0.78,40,41,934,08-10-2024 18:00,East,VIP,At-Gate,18,Closed,Overcrowding,46497,9455,91,08/19/2024 18:00,4.4,Z6,330.0,575.0,0.0,0.0
203,C12,72,71,312,52,2456,69,0.08,0.75,45,21,906,08-10-2024 18:00,East,VIP,At-Gate,18,Closed,Overcrowding,46497,9455,91,08/19/2024 18:00,4.4,Z6,174.0,251.0,615.0,788.0
203,C13,78,68,588,102,1501,77,0.05,0.77,23,38,1500,08-10-2024 18:00,East,VIP,At-Gate,18,Closed,Overcrowding,46497,9455,91,08/19/2024 18:00,4.4,Z6,399.0,570.0,162.0,301.0
203,C14,90,87,316,69,4504,89,0.1,0.88,33,24,877,08-10-2024 18:00,East,VIP,At-Gate,18,Closed,Overcrowding,46497,9455,91,08/19/2024 18:00,4.4,Z6,0.0,0.0,173.0,290.0
203,C15,70,67,456,66,1028,65,0.06,0.78,42,50,1163,08-10-2024 18:00,East,VIP,At-Gate,18,Closed,Overcrowding,46497,9455,91,08/19/2024 18:00,4.4,Z6,291.0,392.0,462.0,585.0
203,C16,167,159,308,114,2314,163,0.15,0.92,8,11,1145,08-10-2024 18:00,East,VIP,At-Gate,18,Closed,Overcrowding,46497,9455,91,08/19/2024 18:00,4.4,Z6,89.0,265.0,115.0,348.0
203,C17,58,48,368,106,2774,55,0.06,0.86,35,10,1038,08-10-2024 18:00,East,VIP,At-Gate,18,Closed,Overcrowding,46497,9455,91,08/19/2024 18:00,4.4,Z6,158.0,291.0,213.0,412.0
203,C18,64,55,305,104,3042,59,0.06,0.8,11,27,1071,08-10-2024 18:00,East,VIP,At-Gate,18,Closed,Overcrowding,46497,9455,91,08/19/2024 18:00,4.4,Z6,586.0,1097.0,133.0,176.0
203,C19,186,176,256,115,3908,186,0.14,0.83,48,38,1339,08-10-2024 18:00,East,VIP,At-Gate,18,Closed,Overcrowding,46497,9455,91,08/19/2024 18:00,4.4,Z6,565.0,698.0,94.0,278.0
203,C20,53,50,553,74,2367,49,0.04,0.89,40,18,1291,08-10-2024 18:00,East,VIP,At-Gate,18,Closed,Overcrowding,46497,9455,91,08/19/2024 18:00,4.4,Z6,858.0,1357.0,454.0,502.0
203,C21,120,119,485,107,3531,119,0.15,0.86,38,40,819,08-10-2024 18:00,East,VIP,At-Gate,18,Closed,Overcrowding,46497,9455,91,08/19/2024 18:00,4.4,Z6,138.0,195.0,440.0,1075.0
203,C22,64,61,508,88,4069,63,0.06,0.75,46,27,1122,08-10-2024 18:00,East,VIP,At-Gate,18,Closed,Overcrowding,46497,9455,91,08/19/2024 18:00,4.4,Z6,265.0,732.0,286.0,531.0
203,C23,151,150,518,106,2557,150,0.15,0.86,24,22,978,08-10-2024 18:00,East,VIP,At-Gate,18,Closed,Overcrowding,46497,9455,91,08/19/2024 18:00,4.4,Z6,210.0,287.0,228.0,434.0
203,C24,117,110,346,68,3978,115,0.09,0.87,29,9,1244,08-10-2024 18:00,East,VIP,At-Gate,18,Closed,Overcrowding,46497,9455,91,08/19/2024 18:00,4.4,Z6,97.0,134.0,174.0,251.0
203,C25,159,151,515,91,4483,155,0.14,0.74,9,44,1156,08-10-2024 18:00,East,VIP,At-Gate,18,Closed,Overcrowding,46497,9455,91,08/19/2024 18:00,4.4,Z6,281.0,418.0,385.0,497.0
203,C26,199,190,524,53,1035,194,0.23,0.75,36,15,884,08-10-2024 18:00,East,VIP,At-Gate,18,Closed,Overcrowding,46497,9455,91,08/19/2024 18:00,4.4,Z6,557.0,886.0,648.0,812.0
203,C27,80,76,404,83,1662,80,0.07,0.94,30,6,1182,08-10-2024 18:00,East,VIP,At-Gate,18,Closed,Overcrowding,46497,9455,91,08/19/2024 18:00,4.4,Z6,160.0,162.0,0.0,0.0
203,C28,107,106,322,59,1503,104,0.09,0.79,31,12,1221,08-10-2024 18:00,East,VIP,At-Gate,18,Closed,Overcrowding,46497,9455,91,08/19/2024 18:00,4.4,Z6,0.0,0.0,158.0,342.0
203,C29,184,184,499,73,2578,179,0.2,0.8,7,27,932,08-10-2024 18:00,East,VIP,At-Gate,18,Closed,Overcrowding,46497,9455,91,08/19/2024 18:00,4.4,Z6,169.0,215.0,580.0,781.0
203,C30,87,86,237,82,1529,87,0.11,0.72,18,32,817,08-10-2024 18:00,East,VIP,At-Gate,18,Closed,Overcrowding,46497,9455,91,08/19/2024 18:00,4.4,Z6,204.0,256.0,156.0,258.0
203,C31,186,186,492,91,3659,181,0.19,0.8,19,14,983,08-10-2024 18:00,East,VIP,At-Gate,18,Closed,Overcrowding,46497,9455,91,08/19/2024 18:00,4.4,Z6,458.0,624.0,74.0,124.0
203,C32,113,105,592,76,3367,110,0.09,0.81,11,45,1307,08-10-2024 18:00,East,VIP,At-Gate,18,Closed,Overcrowding,46497,9455,91,08/19/2024 18:00,4.4,Z6,62.0,109.0,931.0,1489.0
203,C33,99,89,338,57,2712,97,0.11,0.88,44,41,891,08-10-2024 18:00,East,VIP,At-Gate,18,Closed,Overcrowding,46497,9455,91,08/19/2024 18:00,4.4,Z6,314.0,538.0,357.0,682.0
203,C34,100,90,434,115,3431,95,0.07,0.94,11,44,1397,08-10-2024 18:00,East,VIP,At-Gate,18,Closed,Overcrowding,46497,9455,91,08/19/2024 18:00,4.4,Z6,758.0,988.0,0.0,0.0
203,C35,57,55,330,116,1731,55,0.04,0.8,5,49,1371,08-10-2024 18:00,East,VIP,At-Gate,18,Closed,Overcrowding,46497,9455,91,08/19/2024 18:00,4.4,Z6,0.0,0.0,480.0,829.0
203,C36,56,50,583,68,4562,54,0.05,0.87,17,36,1035,08-10-2024 18:00,East,VIP,At-Gate,18,Closed,Overcrowding,46497,9455,91,08/19/2024 18:00,4.4,Z6,601.0,737.0,327.0,463.0
203,C37,150,142,376,90,4886,150,0.15,0.77,46,37,1021,08-10-2024 18:00,East,VIP,At-Gate,18,Closed,Overcrowding,46497,9455,91,08/19/2024 18:00,4.4,Z6,514.0,747.0,136.0,424.0
203,C38,117,110,574,97,3301,112,0.13,0.74,43,47,894,08-10-2024 18:00,East,VIP,At-Gate,18,Closed,Overcrowding,46497,9455,91,08/19/2024 18:00,4.4,Z6,0.0,0.0,256.0,494.0
203,C39,80,75,478,64,3156,75,0.06,0.92,6,17,1397,08-10-2024 18:00,East,VIP,At-Gate,18,Closed,Overcrowding,46497,9455,91,08/19/2024 18:00,4.4,Z6,314.0,727.0,294.0,295.0
203,C40,104,98,372,78,2713,99,0.08,0.79,43,40,1334,08-10-2024 18:00,East,VIP,At-Gate,18,Closed,Overcrowding,46497,9455,91,08/19/2024 18:00,4.4,Z6,335.0,683.0,471.0,553.0
203,C41,69,61,214,106,2983,68,0.07,0.71,50,49,1017,08-10-2024 18:00,East,VIP,At-Gate,18,Closed,Overcrowding,46497,9455,91,08/19/2024 18:00,4.4,Z6,0.0,0.0,0.0,0.0
203,C42,175,172,492,81,2963,170,0.13,0.75,9,36,1362,08-10-2024 18:00,East,VIP,At-Gate,18,Closed,Overcrowding,46497,9455,91,08/19/2024 18:00,4.4,Z6,613.0,696.0,571.0,916.0
203,C43,61,61,539,93,4687,60,0.08,0.91,38,17,803,08-10-2024 18:00,East,VIP,At-Gate,18,Closed,Overcrowding,46497,9455,91,08/19/2024 18:00,4.4,Z6,424.0,633.0,498.0,823.0
203,C44,179,178,567,54,1844,174,0.19,0.82,12,21,963,08-10-2024 18:00,East,VIP,At-Gate,18,Closed,Overcrowding,46497,9455,91,08/19/2024 18:00,4.4,Z6,259.0,371.0,326.0,650.0
203,C45,73,71,229,115,1148,72,0.05,0.75,7,39,1406,08-10-2024 18:00,East,VIP,At-Gate,18,Closed,Overcrowding,46497,9455,91,08/19/2024 18:00,4.4,Z6,577.0,845.0,351.0,532.0
203,C46,72,65,285,111,2244,71,0.05,0.81,25,27,1365,08-10-2024 18:00,East,VIP,At-Gate,18,Closed,Overcrowding,46497,9455,91,08/19/2024 18:00,4.4,Z6,129.0,271.0,593.0,960.0
203,C47,190,188,527,81,1013,188,0.23,0.89,45,36,842,08-10-2024 18:00,East,VIP,At-Gate,18,Closed,Overcrowding,46497,9455,91,08/19/2024 18:00,4.4,Z6,139.0,522.0,352.0,530.0
203,C48,190,188,381,62,2289,187,0.15,0.79,14,35,1292,08-10-2024 18:00,East,VIP,At-Gate,18,Closed,Overcrowding,46497,9455,91,08/19/2024 18:00,4.4,Z6,728.0,1081.0,0.0,0.0
203,C49,181,174,231,80,3975,178,0.15,0.86,34,24,1196,08-10-2024 18:00,East,VIP,At-Gate,18,Closed,Overcrowding,46497,9455,91,08/19/2024 18:00,4.4,Z6,124.0,275.0,0.0,0.0
203,C50,146,136,314,61,3385,145,0.14,0.87,8,25,1019,08-10-2024 18:00,East,VIP,At-Gate,18,Closed,Overcrowding,46497,9455,91,08/19/2024 18:00,4.4,Z6,74.0,124.0,524.0,750.0
204,C01,84,76,400,55,4849,81,0.06,0.78,25,50,1384,08-05-2024 18:00,South,VIP,At-Gate,24,Closed,Blockage,43826,14311,96,08-11-2024 18:00,5.73,Z6,525.0,744.0,396.0,459.0
204,C02,143,143,359,66,2105,141,0.11,0.76,37,25,1287,08-05-2024 18:00,South,VIP,At-Gate,24,Closed,Blockage,43826,14311,96,08-11-2024 18:00,5.73,Z6,242.0,242.0,418.0,600.0
204,C03,157,152,505,98,1789,157,0.12,0.88,23,15,1268,08-05-2024 18:00,South,VIP,At-Gate,24,Closed,Blockage,43826,14311,96,08-11-2024 18:00,5.73,Z6,186.0,312.0,804.0,1205.0
204,C04,96,87,332,53,4692,95,0.06,0.78,25,10,1479,08-05-2024 18:00,South,VIP,At-Gate,24,Closed,Blockage,43826,14311,96,08-11-2024 18:00,5.73,Z6,0.0,0.0,329.0,708.0
204,C05,170,163,253,67,1326,170,0.17,0.71,6,14,972,08-05-2024 18:00,South,VIP,At-Gate,24,Closed,Blockage,43826,14311,96,08-11-2024 18:00,5.73,Z6,0.0,0.0,260.0,562.0
204,C06,155,148,311,97,2934,151,0.11,0.79,41,32,1421,08-05-2024 18:00,South,VIP,At-Gate,24,Closed,Blockage,43826,14311,96,08-11-2024 18:00,5.73,Z6,253.0,374.0,364.0,422.0
204,C07,87,78,484,90,2611,85,0.07,0.85,42,50,1322,08-05-2024 18:00,South,VIP,At-Gate,24,Closed,Blockage,43826,14311,96,08-11-2024 18:00,5.73,Z6,192.0,312.0,353.0,515.0
204,C08,198,190,504,99,3605,198,0.15,0.73,31,7,1339,08-05-2024 18:00,South,VIP,At-Gate,24,Closed,Blockage,43826,14311,96,08-11-2024 18:00,5.73,Z6,1317.0,1993.0,109.0,155.0
204,C09,61,60,319,56,4144,56,0.07,0.87,14,45,839,08-05-2024 18:00,South,VIP,At-Gate,24,Closed,Blockage,43826,14311,96,08-11-2024 18:00,5.73,Z6,64.0,156.0,615.0,810.0
204,C10,64,60,230,100,1613,62,0.04,0.75,21,31,1470,08-05-2024 18:00,South,VIP,At-Gate,24,Closed,Blockage,43826,14311,96,08-11-2024 18:00,5.73,Z6,0.0,0.0,387.0,671.0
204,C11,166,158,393,78,3602,162,0.17,0.74,26,18,951,08-05-2024 18:00,South,VIP,At-Gate,24,Closed,Blockage,43826,14311,96,08-11-2024 18:00,5.73,Z6,0.0,0.0,251.0,292.0
204,C12,134,124,369,100,2189,134,0.13,0.9,14,44,1061,08-05-2024 18:00,South,VIP,At-Gate,24,Closed,Blockage,43826,14311,96,08-11-2024 18:00,5.73,Z6,523.0,691.0,497.0,698.0
204,C13,139,138,532,110,1212,136,0.13,0.86,50,21,1088,08-05-2024 18:00,South,VIP,At-Gate,24,Closed,Blockage,43826,14311,96,08-11-2024 18:00,5.73,Z6,295.0,485.0,103.0,241.0
204,C14,56,56,502,99,1054,52,0.04,0.76,21,29,1342,08-05-2024 18:00,South,VIP,At-Gate,24,Closed,Blockage,43826,14311,96,08-11-2024 18:00,5.73,Z6,156.0,267.0,629.0,701.0
204,C15,68,67,540,115,1644,67,0.08,0.74,6,25,852,08-05-2024 18:00,South,VIP,At-Gate,24,Closed,Blockage,43826,14311,96,08-11-2024 18:00,5.73,Z6,192.0,542.0,51.0,105.0
204,C16,189,186,429,108,3988,184,0.17,0.89,43,6,1098,08-05-2024 18:00,South,VIP,At-Gate,24,Closed,Blockage,43826,14311,96,08-11-2024 18:00,5.73,Z6,0.0,0.0,251.0,332.0
204,C17,124,124,489,75,3680,123,0.15,0.73,7,31,823,08-05-2024 18:00,South,VIP,At-Gate,24,Closed,Blockage,43826,14311,96,08-11-2024 18:00,5.73,Z6,65.0,283.0,170.0,198.0
204,C18,139,139,587,53,1642,139,0.1,0.82,23,29,1410,08-05-2024 18:00,South,VIP,At-Gate,24,Closed,Blockage,43826,14311,96,08-11-2024 18:00,5.73,Z6,92.0,126.0,658.0,845.0
204,C19,136,135,540,111,4899,136,0.09,0.78,35,26,1432,08-05-2024 18:00,South,VIP,At-Gate,24,Closed,Blockage,43826,14311,96,08-11-2024 18:00,5.73,Z6,0.0,0.0,650.0,870.0
204,C20,58,52,591,89,1665,56,0.04,0.89,26,20,1302,08-05-2024 18:00,South,VIP,At-Gate,24,Closed,Blockage,43826,14311,96,08-11-2024 18:00,5.73,Z6,476.0,1109.0,287.0,555.0
204,C21,96,86,324,93,1590,96,0.07,0.77,16,27,1287,08-05-2024 18:00,South,VIP,At-Gate,24,Closed,Blockage,43826,14311,96,08-11-2024 18:00,5.73,Z6,156.0,245.0,79.0,205.0
204,C22,87,81,509,65,2431,84,0.06,0.75,8,27,1484,08-05-2024 18:00,South,VIP,At-Gate,24,Closed,Blockage,43826,14311,96,08-11-2024 18:00,5.73,Z6,312.0,699.0,442.0,867.0
204,C23,131,126,425,64,4528,131,0.11,0.87,44,6,1171,08-05-2024 18:00,South,VIP,At-Gate,24,Closed,Blockage,43826,14311,96,08-11-2024 18:00,5.73,Z6,491.0,783.0,0.0,0.0
204,C24,62,62,254,105,3400,58,0.07,0.77,40,33,856,08-05-2024 18:00,South,VIP,At-Gate,24,Closed,Blockage,43826,14311,96,08-11-2024 18:00,5.73,Z6,101.0,169.0,596.0,983.0
204,C25,51,45,516,101,3714,46,0.06,0.76,23,13,846,08-05-2024 18:00,South,VIP,At-Gate,24,Closed,Blockage,43826,14311,96,08-11-2024 18:00,5.73,Z6,196.0,350.0,242.0,242.0
204,C26,123,121,286,76,1957,122,0.09,0.75,11,25,1332,08-05-2024 18:00,South,VIP,At-Gate,24,Closed,Blockage,43826,14311,96,08-11-2024 18:00,5.73,Z6,344.0,527.0,281.0,372.0
204,C27,117,112,282,109,3179,117,0.09,0.82,10,6,1304,08-05-2024 18:00,South,VIP,At-Gate,24,Closed,Blockage,43826,14311,96,08-11-2024 18:00,5.73,Z6,476.0,558.0,135.0,183.0
204,C28,110,105,407,86,1108,106,0.14,0.89,49,11,807,08-05-2024 18:00,South,VIP,At-Gate,24,Closed,Blockage,43826,14311,96,08-11-2024 18:00,5.73,Z6,609.0,1077.0,357.0,558.0
204,C29,175,175,365,91,4387,172,0.16,0.93,24,48,1104,08-05-2024 18:00,South,VIP,At-Gate,24,Closed,Blockage,43826,14311,96,08-11-2024 18:00,5.73,Z6,329.0,527.0,240.0,403.0
204,C30,129,129,410,63,3726,129,0.16,0.81,20,7,802,08-05-2024 18:00,South,VIP,At-Gate,24,Closed,Blockage,43826,14311,96,08-11-2024 18:00,5.73,Z6,205.0,237.0,223.0,380.0
204,C31,80,73,284,83,3819,77,0.08,0.92,22,5,1043,08-05-2024 18:00,South,VIP,At-Gate,24,Closed,Blockage,43826,14311,96,08-11-2024 18:00,5.73,Z6,470.0,742.0,73.0,122.0
204,C32,83,82,546,79,4330,78,0.06,0.89,45,46,1313,08-05-2024 18:00,South,VIP,At-Gate,24,Closed,Blockage,43826,14311,96,08-11-2024 18:00,5.73,Z6,0.0,0.0,648.0,1163.0
204,C33,96,86,331,71,3485,91,0.09,0.93,49,16,1044,08-05-2024 18:00,South,VIP,At-Gate,24,Closed,Blockage,43826,14311,96,08-11-2024 18:00,5.73,Z6,195.0,300.0,371.0,816.0
204,C34,178,171,334,110,4408,174,0.21,0.73,11,9,830,08-05-2024 18:00,South,VIP,At-Gate,24,Closed,Blockage,43826,14311,96,08-11-2024 18:00,5.73,Z6,136.0,167.0,359.0,749.0
204,C35,51,51,530,109,2311,49,0.04,0.91,5,34,1399,08-05-2024 18:00,South,VIP,At-Gate,24,Closed,Blockage,43826,14311,96,08-11-2024 18:00,5.73,Z6,332.0,400.0,0.0,0.0
204,C36,136,132,305,63,3170,131,0.11,0.78,48,24,1203,08-05-2024 18:00,South,VIP,At-Gate,24,Closed,Blockage,43826,14311,96,08-11-2024 18:00,5.73,Z6,299.0,443.0,274.0,417.0
204,C37,164,155,413,73,4015,164,0.18,0.85,41,43,903,08-05-2024 18:00,South,VIP,At-Gate,24,Closed,Blockage,43826,14311,96,08-11-2024 18:00,5.73,Z6,0.0,0.0,192.0,220.0
204,C38,70,65,572,111,4120,69,0.05,0.86,41,22,1328,08-05-2024 18:00,South,VIP,At-Gate,24,Closed,Blockage,43826,14311,96,08-11-2024 18:00,5.73,Z6,338.0,577.0,58.0,220.0
204,C39,126,119,267,77,2566,126,0.14,0.83,30,46,884,08-05-2024 18:00,South,VIP,At-Gate,24,Closed,Blockage,43826,14311,96,08-11-2024 18:00,5.73,Z6,80.0,140.0,495.0,785.0
204,C40,66,58,312,89,4807,61,0.07,0.86,50,41,919,08-05-2024 18:00,South,VIP,At-Gate,24,Closed,Blockage,43826,14311,96,08-11-2024 18:00,5.73,Z6,623.0,856.0,456.0,622.0
204,C41,173,165,308,61,1199,171,0.13,0.72,29,39,1343,08-05-2024 18:00,South,VIP,At-Gate,24,Closed,Blockage,43826,14311,96,08-11-2024 18:00,5.73,Z6,186.0,450.0,294.0,620.0
204,C42,176,176,465,115,3538,171,0.21,0.75,20,48,857,08-05-2024 18:00,South,VIP,At-Gate,24,Closed,Blockage,43826,14311,96,08-11-2024 18:00,5.73,Z6,495.0,596.0,140.0,259.0
204,C43,184,174,496,97,2080,184,0.12,0.92,10,35,1473,08-05-2024 18:00,South,VIP,At-Gate,24,Closed,Blockage,43826,14311,96,08-11-2024 18:00,5.73,Z6,400.0,434.0,112.0,242.0
204,C44,53,44,317,79,4954,49,0.04,0.76,15,14,1299,08-05-2024 18:00,South,VIP,At-Gate,24,Closed,Blockage,43826,14311,96,08-11-2024 18:00,5.73,Z6,971.0,1680.0,0.0,0.0
204,C45,104,98,223,98,4777,103,0.12,0.85,27,37,887,08-05-2024 18:00,South,VIP,At-Gate,24,Closed,Blockage,43826,14311,96,08-11-2024 18:00,5.73,Z6,249.0,538.0,110.0,211.0
204,C46,196,193,273,108,1761,195,0.17,0.7,22,36,1163,08-05-2024 18:00,South,VIP,At-Gate,24,Closed,Blockage,43826,14311,96,08-11-2024 18:00,5.73,Z6,956.0,1311.0,67.0,103.0
204,C47,51,47,367,91,1279,48,0.05,0.94,16,17,976,08-05-2024 18:00,South,VIP,At-Gate,24,Closed,Blockage,43826,14311,96,08-11-2024 18:00,5.73,Z6,149.0,230.0,542.0,1048.0
204,C48,187,177,337,52,3682,182,0.22,0.78,49,17,833,08-05-2024 18:00,South,VIP,At-Gate,24,Closed,Blockage,43826,14311,96,08-11-2024 18:00,5.73,Z6,303.0,336.0,159.0,210.0
204,C49,168,160,568,91,1547,163,0.12,0.79,23,8,1420,08-05-2024 18:00,South,VIP,At-Gate,24,Closed,Blockage,43826,14311,96,08-11-2024 18:00,5.73,Z6,222.0,459.0,0.0,0.0
204,C50,183,182,494,86,4290,179,0.13,0.87,33,20,1409,08-05-2024 18:00,South,VIP,At-Gate,24,Closed,Blockage,43826,14311,96,08-11-2024 18:00,5.73,Z6,698.0,1170.0,372.0,693.0
205,C01,121,118,232,105,4262,118,0.12,0.77,11,13,1043,08/14/2024 18:00,West,Economy,Pre,15,Open,,57052,7129,86,08-12-2024 18:00,5.52,Z2,156.0,321.0,128.0,138.0
205,C02,186,177,324,113,3385,186,0.23,0.73,22,47,807,08/14/2024 18:00,West,Economy,Pre,15,Open,,57052,7129,86,08-12-2024 18:00,5.52,Z2,201.0,349.0,621.0,975.0
205,C03,116,109,384,111,4860,115,0.08,0.75,35,47,1382,08/14/2024 18:00,West,Economy,Pre,15,Open,,57052,7129,86,08-12-2024 18:00,5.52,Z2,343.0,477.0,73.0,220.0
205,C04,118,109,400,58,1654,115,0.1,0.89,31,25,1223,08/14/2024 18:00,West,Economy,Pre,15,Open,,57052,7129,86,08-12-2024 18:00,5.52,Z2,578.0,1105.0,172.0,263.0
205,C05,60,55,397,91,4142,56,0.06,0.78,14,6,1012,08/14/2024 18:00,West,Economy,Pre,15,Open,,57052,7129,86,08-12-2024 18:00,5.52,Z2,0.0,0.0,243.0,620.0
205,C06,160,150,346,80,3391,156,0.18,0.77,36,22,890,08/14/2024 18:00,West,Economy,Pre,15,Open,,57052,7129,86,08-12-2024 18:00,5.52,Z2,304.0,487.0,560.0,775.0
205,C07,173,172,544,74,4879,168,0.19,0.86,49,32,901,08/14/2024 18:00,West,Economy,Pre,15,Open,,57052,7129,86,08-12-2024 18:00,5.52,Z2,460.0,904.0,282.0,468.0
205,C08,55,49,346,115,4105,50,0.05,0.83,37,21,1178,08/14/2024 18:00,West,Economy,Pre,15,Open,,57052,7129,86,08-12-2024 18:00,5.52,Z2,562.0,987.0,571.0,789.0
205,C09,74,64,555,59,2477,70,0.08,0.72,14,13,928,08/14/2024 18:00,West,Economy,Pre,15,Open,,57052,7129,86,08-12-2024 18:00,5.52,Z2,225.0,405.0,337.0,500.0
205,C10,137,128,449,51,1423,134,0.12,0.92,18,20,1129,08/14/2024 18:00,West,Economy,Pre,15,Open,,57052,7129,86,08-12-2024 18:00,5.52,Z2,114.0,116.0,254.0,464.0
205,C11,106,102,223,69,1560,106,0.07,0.79,11,24,1492,08/14/2024 18:00,West,Economy,Pre,15,Open,,57052,7129,86,08-12-2024 18:00,5.52,Z2,342.0,385.0,209.0,314.0
205,C12,190,188,273,78,3153,188,0.18,0.8,35,25,1029,08/14/2024 18:00,West,Economy,Pre,15,Open,,57052,7129,86,08-12-2024 18:00,5.52,Z2,0.0,0.0,447.0,522.0
205,C13,197,197,338,73,2282,197,0.15,0.84,21,33,1331,08/14/2024 18:00,West,Economy,Pre,15,Open,,57052,7129,86,08-12-2024 18:00,5.52,Z2,372.0,491.0,213.0,568.0
205,C14,195,185,452,112,2860,190,0.22,0.89,47,39,887,08/14/2024 18:00,West,Economy,Pre,15,Open,,57052,7129,86,08-12-2024 18:00,5.52,Z2,221.0,365.0,53.0,244.0
205,C15,194,187,521,72,2871,189,0.16,0.72,40,33,1235,08/14/2024 18:00,West,Economy,Pre,15,Open,,57052,7129,86,08-12-2024 18:00,5.52,Z2,141.0,249.0,757.0,1252.0
205,C16,187,179,438,79,2552,182,0.13,0.9,15,34,1403,08/14/2024 18:00,West,Economy,Pre,15,Open,,57052,7129,86,08-12-2024 18:00,5.52,Z2,731.0,915.0,562.0,848.0
205,C17,84,76,284,55,2699,80,0.06,0.72,31,16,1379,08/14/2024 18:00,West,Economy,Pre,15,Open,,57052,7129,86,08-12-2024 18:00,5.52,Z2,58.0,278.0,232.0,382.0
205,C18,124,118,503,85,4860,123,0.12,0.89,11,46,1002,08/14/2024 18:00,West,Economy,Pre,15,Open,,57052,7129,86,08-12-2024 18:00,5.52,Z2,429.0,876.0,1113.0,1456.0
205,C19,122,117,445,55,1049,118,0.1,0.81,16,38,1271,08/14/2024 18:00,West,Economy,Pre,15,Open,,57052,7129,86,08-12-2024 18:00,5.52,Z2,268.0,566.0,341.0,497.0
205,C20,108,101,219,69,2687,104,0.09,0.93,7,29,1254,08/14/2024 18:00,West,Economy,Pre,15,Open,,57052,7129,86,08-12-2024 18:00,5.52,Z2,0.0,0.0,181.0,381.0
205,C21,125,118,564,119,1236,124,0.11,0.86,8,6,1169,08/14/2024 18:00,West,Economy,Pre,15,Open,,57052,7129,86,08-12-2024 18:00,5.52,Z2,73.0,220.0,627.0,675.0
205,C22,167,167,361,95,2589,162,0.15,0.94,45,49,1082,08/14/2024 18:00,West,Economy,Pre,15,Open,,57052,7129,86,08-12-2024 18:00,5.52,Z2,318.0,640.0,468.0,669.0
205,C23,134,131,587,50,4312,130,0.1,0.72,36,12,1346,08/14/2024 18:00,West,Economy,Pre,15,Open,,57052,7129,86,08-12-2024 18:00,5.52,Z2,570.0,781.0,93.0,142.0
205,C24,86,79,537,104,2142,83,0.08,0.77,27,48,1101,08/14/2024 18:00,West,Economy,Pre,15,Open,,57052,7129,86,08-12-2024 18:00,5.52,Z2,174.0,181.0,296.0,433.0
205,C25,178,177,275,95,2253,174,0.21,0.77,30,47,835,08/14/2024 18:00,West,Economy,Pre,15,Open,,57052,7129,86,08-12-2024 18:00,5.52,Z2,584.0,659.0,134.0,226.0
205,C26,175,167,533,80,2188,170,0.14,0.91,48,32,1258,08/14/2024 18:00,West,Economy,Pre,15,Open,,57052,7129,86,08-12-2024 18:00,5.52,Z2,342.0,434.0,0.0,0.0
205,C27,56,53,597,100,4973,54,0.04,0.88,19,47,1352,08/14/2024 18:00,West,Economy,Pre,15,Open,,57052,7129,86,08-12-2024 18:00,5.52,Z2,545.0,619.0,101.0,216.0
205,C28,82,82,425,69,3127,81,0.08,0.83,11,42,982,08/14/2024 18:00,West,Economy,Pre,15,Open,,57052,7129,86,08-12-2024 18:00,5.52,Z2,108.0,288.0,68.0,173.0
205,C29,115,107,204,68,4808,112,0.14,0.88,31,16,837,08/14/2024 18:00,West,Economy,Pre,15,Open,,57052,7129,86,08-12-2024 18:00,5.52,Z2,434.0,735.0,0.0,0.0
205,C30,74,68,241,89,1382,69,0.06,0.84,14,20,1158,08/14/2024 18:00,West,Economy,Pre,15,Open,,57052,7129,86,08-12-2024 18:00,5.52,Z2,845.0,1508.0,0.0,0.0
205,C31,55,53,207,99,2937,52,0.04,0.78,22,28,1409,08/14/2024 18:00,West,Economy,Pre,15,Open,,57052,7129,86,08-12-2024 18:00,5.52,Z2,569.0,773.0,83.0,170.0
205,C32,57,54,339,52,1492,57,0.05,0.91,41,39,1088,08/14/2024 18:00,West,Economy,Pre,15,Open,,57052,7129,86,08-12-2024 18:00,5.52,Z2,0.0,0.0,456.0,933.0
205,C33,135,129,537,64,3565,135,0.11,0.91,30,17,1235,08/14/2024 18:00,West,Economy,Pre,15,Open,,57052,7129,86,08-12-2024 18:00,5.52,Z2,369.0,563.0,64.0,143.0
205,C34,120,117,277,94,4135,118,0.1,0.94,39,22,1199,08/14/2024 18:00,West,Economy,Pre,15,Open,,57052,7129,86,08-12-2024 18:00,5.52,Z2,308.0,482.0,173.0,227.0
205,C35,93,93,418,114,2388,88,0.08,0.71,31,41,1106,08/14/2024 18:00,West,Economy,Pre,15,Open,,57052,7129,86,08-12-2024 18:00,5.52,Z2,410.0,550.0,514.0,678.0
205,C36,168,161,414,93,3288,166,0.16,0.94,19,40,1023,08/14/2024 18:00,West,Economy,Pre,15,Open,,57052,7129,86,08-12-2024 18:00,5.52,Z2,101.0,216.0,106.0,246.0
205,C37,192,183,440,97,4916,190,0.16,0.88,9,33,1181,08/14/2024 18:00,West,Economy,Pre,15,Open,,57052,7129,86,08-12-2024 18:00,5.52,Z2,0.0,0.0,545.0,655.0
205,C38,152,149,353,78,1470,151,0.15,0.9,27,21,1026,08/14/2024 18:00,West,Economy,Pre,15,Open,,57052,7129,86,08-12-2024 18:00,5.52,Z2,151.0,170.0,605.0,1029.0
205,C39,61,53,217,84,1034,59,0.06,0.73,42,22,1038,08/14/2024 18:00,West,Economy,Pre,15,Open,,57052,7129,86,08-12-2024 18:00,5.52,Z2,0.0,0.0,328.0,484.0
205,C40,63,55,478,74,3134,59,0.06,0.84,28,40,1091,08/14/2024 18:00,West,Economy,Pre,15,Open,,57052,7129,86,08-12-2024 18:00,5.52,Z2,790.0,907.0,215.0,333.0
205,C41,101,96,561,84,4176,96,0.07,0.87,21,45,1395,08/14/2024 18:00,West,Economy,Pre,15,Open,,57052,7129,86,08-12-2024 18:00,5.52,Z2,233.0,263.0,0.0,0.0
205,C42,134,124,486,62,3190,131,0.09,0.95,38,37,1415,08/14/2024 18:00,West,Economy,Pre,15,Open,,57052,7129,86,08-12-2024 18:00,5.52,Z2,92.0,104.0,188.0,261.0
205,C43,123,121,574,104,4802,120,0.11,0.94,38,45,1092,08/14/2024 18:00,West,Economy,Pre,15,Open,,57052,7129,86,08-12-2024 18:00,5.52,Z2,214.0,441.0,105.0,188.0
205,C44,193,189,257,100,4047,189,0.13,0.82,36,5,1445,08/14/2024 18:00,West,Economy,Pre,15,Open,,57052,7129,86,08-12-2024 18:00,5.52,Z2,182.0,431.0,319.0,397.0
205,C45,89,83,350,86,1738,89,0.07,0.76,34,11,1265,08/14/2024 18:00,West,Economy,Pre,15,Open,,57052,7129,86,08-12-2024 18:00,5.52,Z2,0.0,0.0,139.0,262.0
205,C46,126,126,224,68,2998,122,0.12,0.78,13,36,1037,08/14/2024 18:00,West,Economy,Pre,15,Open,,57052,7129,86,08-12-2024 18:00,5.52,Z2,271.0,352.0,127.0,403.0
205,C47,77,75,246,96,4904,75,0.09,0.74,35,43,866,08/14/2024 18:00,West,Economy,Pre,15,Open,,57052,7129,86,08-12-2024 18:00,5.52,Z2,119.0,295.0,252.0,306.0
205,C48,108,103,549,60,4881,105,0.13,0.87,33,32,851,08/14/2024 18:00,West,Economy,Pre,15,Open,,57052,7129,86,08-12-2024 18:00,5.52,Z2,553.0,812.0,860.0,1272.0
205,C49,161,159,230,105,2485,161,0.14,0.79,12,36,1130,08/14/2024 18:00,West,Economy,Pre,15,Open,,57052,7129,86,08-12-2024 18:00,5.52,Z2,552.0,664.0,129.0,187.0
205,C50,170,169,238,113,3719,170,0.13,0.86,5,42,1325,08/14/2024 18:00,West,Economy,Pre,15,Open,,57052,7129,86,08-12-2024 18:00,5.52,Z2,243.0,421.0,311.0,401.0
206,C01,189,189,229,72,3939,189,0.15,0.75,45,42,1282,08/15/2024 18:00,South,Regular,Pre,12,Open,,59331,14624,100,08/21/2024 18:00,3.83,Z9,215.0,306.0,149.0,214.0
206,C02,149,149,464,73,4800,148,0.13,0.76,26,10,1133,08/15/2024 18:00,South,Regular,Pre,12,Open,,59331,14624,100,08/21/2024 18:00,3.83,Z9,0.0,0.0,0.0,0.0
206,C03,158,158,257,77,2845,157,0.16,0.74,20,16,960,08/15/2024 18:00,South,Regular,Pre,12,Open,,59331,14624,100,08/21/2024 18:00,3.83,Z9,376.0,675.0,59.0,284.0
206,C04,148,141,401,66,2223,146,0.1,0.75,23,16,1420,08/15/2024 18:00,South,Regular,Pre,12,Open,,59331,14624,100,08/21/2024 18:00,3.83,Z9,550.0,1018.0,65.0,110.0
206,C05,91,85,427,87,3111,87,0.08,0.89,8,31,1175,08/15/2024 18:00,South,Regular,Pre,12,Open,,59331,14624,100,08/21/2024 18:00,3.83,Z9,692.0,907.0,301.0,912.0
206,C06,163,156,293,71,3970,160,0.13,0.91,10,39,1252,08/15/2024 18:00,South,Regular,Pre,12,Open,,59331,14624,100,08/21/2024 18:00,3.83,Z9,0.0,0.0,610.0,976.0
206,C07,145,142,558,113,2636,143,0.14,0.79,36,20,1004,08/15/2024 18:00,South,Regular,Pre,12,Open,,59331,14624,100,08/21/2024 18:00,3.83,Z9,152.0,159.0,462.0,556.0
206,C08,109,106,236,57,3180,108,0.13,0.88,46,46,858,08/15/2024 18:00,South,Regular,Pre,12,Open,,59331,14624,100,08/21/2024 18:00,3.83,Z9,149.0,177.0,244.0,258.0
206,C09,54,45,543,91,3354,52,0.04,0.84,47,39,1486,08/15/2024 18:00,South,Regular,Pre,12,Open,,59331,14624,100,08/21/2024 18:00,3.83,Z9,389.0,517.0,275.0,565.0
206,C10,101,96,533,63,3919,96,0.08,0.86,25,11,1320,08/15/2024 18:00,South,Regular,Pre,12,Open,,59331,14624,100,08/21/2024 18:00,3.83,Z9,554.0,726.0,196.0,255.0
206,C11,149,141,451,116,4430,148,0.14,0.92,36,23,1069,08/15/2024 18:00,South,Regular,Pre,12,Open,,59331,14624,100,08/21/2024 18:00,3.83,Z9,531.0,752.0,631.0,1362.0
206,C12,195,191,584,104,3584,190,0.18,0.8,31,42,1114,08/15/2024 18:00,South,Regular,Pre,12,Open,,59331,14624,100,08/21/2024 18:00,3.83,Z9,0.0,0.0,241.0,253.0
206,C13,65,60,379,120,3721,62,0.07,0.84,48,30,948,08/15/2024 18:00,South,Regular,Pre,12,Open,,59331,14624,100,08/21/2024 18:00,3.83,Z9,111.0,124.0,504.0,641.0
206,C14,125,118,297,74,1412,122,0.13,0.9,7,43,996,08/15/2024 18:00,South,Regular,Pre,12,Open,,59331,14624,100,08/21/2024 18:00,3.83,Z9,313.0,551.0,0.0,0.0
206,C15,111,110,342,52,3662,110,0.12,0.73,20,43,890,08/15/2024 18:00,South,Regular,Pre,12,Open,,59331,14624,100,08/21/2024 18:00,3.83,Z9,191.0,204.0,245.0,486.0
206,C16,114,111,508,51,2512,113,0.1,0.76,30,35,1101,08/15/2024 18:00,South,Regular,Pre,12,Open,,59331,14624,100,08/21/2024 18:00,3.83,Z9,463.0,632.0,541.0,795.0
206,C17,59,56,516,82,3415,59,0.07,0.95,47,43,881,08/15/2024 18:00,South,Regular,Pre,12,Open,,59331,14624,100,08/21/2024 18:00,3.83,Z9,0.0,0.0,89.0,108.0
206,C18,127,126,225,81,4802,127,0.11,0.72,29,36,1204,08/15/2024 18:00,South,Regular,Pre,12,Open,,59331,14624,100,08/21/2024 18:00,3.83,Z9,481.0,725.0,329.0,547.0
206,C19,157,155,268,96,3862,153,0.11,0.78,33,23,1440,08/15/2024 18:00,South,Regular,Pre,12,Open,,59331,14624,100,08/21/2024 18:00,3.83,Z9,383.0,693.0,141.0,190.0
206,C20,92,84,242,114,3019,89,0.09,0.88,11,24,1037,08/15/2024 18:00,South,Regular,Pre,12,Open,,59331,14624,100,08/21/2024 18:00,3.83,Z9,686.0,882.0,558.0,933.0
206,C21,51,43,381,74,4605,47,0.04,0.74,23,10,1336,08/15/2024 18:00,South,Regular,Pre,12,Open,,59331,14624,100,08/21/2024 18:00,3.83,Z9,309.0,541.0,211.0,364.0
206,C22,183,178,538,107,3096,181,0.13,0.92,17,11,1453,08/15/2024 18:00,South,Regular,Pre,12,Open,,59331,14624,100,08/21/2024 18:00,3.83,Z9,217.0,292.0,412.0,508.0
206,C23,187,179,313,77,2188,184,0.14,0.72,21,20,1305,08/15/2024 18:00,South,Regular,Pre,12,Open,,59331,14624,100,08/21/2024 18:00,3.83,Z9,219.0,314.0,225.0,412.0
206,C24,110,102,595,114,4331,107,0.1,0.88,24,13,1090,08/15/2024 18:00,South,Regular,Pre,12,Open,,59331,14624,100,08/21/2024 18:00,3.83,Z9,0.0,0.0,222.0,265.0
206,C25,150,145,490,109,3461,146,0.1,0.82,7,16,1495,08/15/2024 18:00,South,Regular,Pre,12,Open,,59331,14624,100,08/21/2024 18:00,3.83,Z9,621.0,1267.0,0.0,0.0
206,C26,195,194,414,98,1728,192,0.13,0.81,24,47,1477,08/15/2024 18:00,South,Regular,Pre,12,Open,,59331,14624,100,08/21/2024 18:00,3.83,Z9,476.0,739.0,381.0,471.0
206,C27,123,120,442,71,1428,122,0.09,0.85,11,37,1371,08/15/2024 18:00,South,Regular,Pre,12,Open,,59331,14624,100,08/21/2024 18:00,3.83,Z9,296.0,479.0,621.0,1080.0
206,C28,94,84,558,96,2916,91,0.09,0.78,20,43,1086,08/15/2024 18:00,South,Regular,Pre,12,Open,,59331,14624,100,08/21/2024 18:00,3.83,Z9,271.0,485.0,592.0,1015.0
206,C29,113,105,321,53,3203,108,0.1,0.85,7,22,1101,08/15/2024 18:00,South,Regular,Pre,12,Open,,59331,14624,100,08/21/2024 18:00,3.83,Z9,200.0,322.0,388.0,942.0
206,C30,88,83,263,116,2359,88,0.06,0.76,22,23,1444,08/15/2024 18:00,South,Regular,Pre,12,Open,,59331,14624,100,08/21/2024 18:00,3.83,Z9,162.0,211.0,168.0,275.0
206,C31,199,199,308,84,4675,194,0.23,0.91,37,48,859,08/15/2024 18:00,South,Regular,Pre,12,Open,,59331,14624,100,08/21/2024 18:00,3.83,Z9,321.0,732.0,541.0,821.0
206,C32,188,184,359,58,3946,186,0.15,0.89,18,14,1247,08/15/2024 18:00,South,Regular,Pre,12,Open,,59331,14624,100,08/21/2024 18:00,3.83,Z9,568.0,1093.0,226.0,408.0
206,C33,175,169,488,93,4767,174,0.14,0.83,46,21,1255,08/15/2024 18:00,South,Regular,Pre,12,Open,,59331,14624,100,08/21/2024 18:00,3.83,Z9,145.0,272.0,307.0,711.0
206,C34,101,96,427,55,1144,99,0.1,0.93,24,24,972,08/15/2024 18:00,South,Regular,Pre,12,Open,,59331,14624,100,08/21/2024 18:00,3.83,Z9,495.0,1200.0,193.0,532.0
206,C35,81,80,533,83,4622,78,0.08,0.89,9,11,961,08/15/2024 18:00,South,Regular,Pre,12,Open,,59331,14624,100,08/21/2024 18:00,3.83,Z9,95.0,233.0,145.0,272.0
206,C36,143,142,339,60,3531,138,0.14,0.83,50,20,987,08/15/2024 18:00,South,Regular,Pre,12,Open,,59331,14624,100,08/21/2024 18:00,3.83,Z9,73.0,152.0,57.0,149.0
206,C37,137,130,343,90,1683,135,0.09,0.71,21,30,1486,08/15/2024 18:00,South,Regular,Pre,12,Open,,59331,14624,100,08/21/2024 18:00,3.83,Z9,251.0,519.0,240.0,240.0
206,C38,191,187,446,52,1451,190,0.16,0.76,45,27,1174,08/15/2024 18:00,South,Regular,Pre,12,Open,,59331,14624,100,08/21/2024 18:00,3.83,Z9,546.0,910.0,399.0,692.0
206,C39,143,136,370,50,3671,140,0.14,0.87,42,19,1023,08/15/2024 18:00,South,Regular,Pre,12,Open,,59331,14624,100,08/21/2024 18:00,3.83,Z9,97.0,212.0,429.0,642.0
206,C40,60,60,353,109,2363,56,0.07,0.85,46,11,848,08/15/2024 18:00,South,Regular,Pre,12,Open,,59331,14624,100,08/21/2024 18:00,3.83,Z9,376.0,616.0,106.0,129.0
206,C41,87,80,203,72,3116,83,0.07,0.75,48,14,1267,08/15/2024 18:00,South,Regular,Pre,12,Open,,59331,14624,100,08/21/2024 18:00,3.83,Z9,280.0,578.0,229.0,528.0
206,C42,99,96,464,56,4521,94,0.09,0.82,33,12,1085,08/15/2024 18:00,South,Regular,Pre,12,Open,,59331,14624,100,08/21/2024 18:00,3.83,Z9,410.0,808.0,77.0,100.0
206,C43,186,179,243,103,1591,186,0.21,0.93,26,9,868,08/15/2024 18:00,South,Regular,Pre,12,Open,,59331,14624,100,08/21/2024 18:00,3.83,Z9,372.0,567.0,0.0,0.0
206,C44,182,178,407,67,3012,178,0.23,0.71,44,13,805,08/15/2024 18:00,South,Regular,Pre,12,Open,,59331,14624,100,08/21/2024 18:00,3.83,Z9,272.0,488.0,307.0,553.0
206,C45,166,156,502,114,4591,162,0.12,0.83,7,40,1438,08/15/2024 18:00,South,Regular,Pre,12,Open,,59331,14624,100,08/21/2024 18:00,3.83,Z9,605.0,730.0,129.0,240.0
206,C46,106,104,327,91,2516,106,0.09,0.86,28,8,1188,08/15/2024 18:00,South,Regular,Pre,12,Open,,59331,14624,100,08/21/2024 18:00,3.83,Z9,340.0,438.0,236.0,318.0
206,C47,155,155,418,76,3619,150,0.14,0.8,50,31,1143,08/15/2024 18:00,South,Regular,Pre,12,Open,,59331,14624,100,08/21/2024 18:00,3.83,Z9,159.0,379.0,368.0,681.0
206,C48,169,161,363,120,4726,165,0.12,0.72,20,14,1382,08/15/2024 18:00,South,Regular,Pre,12,Open,,59331,14624,100,08/21/2024 18:00,3.83,Z9,136.0,438.0,272.0,357.0
206,C49,110,110,381,97,2026,110,0.1,0.83,45,14,1076,08/15/2024 18:00,South,Regular,Pre,12,Open,,59331,14624,100,08/21/2024 18:00,3.83,Z9,0.0,0.0,695.0,917.0
206,C50,170,161,590,74,1080,170,0.12,0.88,6,15,1475,08/15/2024 18:00,South,Regular,Pre,12,Open,,59331,14624,100,08/21/2024 18:00,3.83,Z9,250.0,406.0,982.0,1402.0
207,C01,113,111,449,115,4223,108,0.1,0.83,44,35,1108,08/14/2024 18:00,North,VIP,Pre,14,Closed,Blockage,40684,14879,95,08-11-2024 18:00,4.18,Z6,370.0,639.0,574.0,803.0
207,C02,183,174,397,74,1929,182,0.14,0.74,24,33,1306,08/14/2024 18:00,North,VIP,Pre,14,Closed,Blockage,40684,14879,95,08-11-2024 18:00,4.18,Z6,317.0,386.0,0.0,0.0
207,C03,163,153,576,50,1538,159,0.15,0.95,27,36,1077,08/14/2024 18:00,North,VIP,Pre,14,Closed,Blockage,40684,14879,95,08-11-2024 18:00,4.18,Z6,340.0,673.0,159.0,379.0
207,C04,150,148,378,63,1808,150,0.18,0.92,40,39,852,08/14/2024 18:00,North,VIP,Pre,14,Closed,Blockage,40684,14879,95,08-11-2024 18:00,4.18,Z6,123.0,142.0,150.0,174.0
207,C05,136,135,399,99,2189,131,0.15,0.72,33,6,911,08/14/2024 18:00,North,VIP,Pre,14,Closed,Blockage,40684,14879,95,08-11-2024 18:00,4.18,Z6,318.0,491.0,391.0,481.0
207,C06,162,153,425,98,2191,160,0.15,0.93,44,50,1053,08/14/2024 18:00,North,VIP,Pre,14,Closed,Blockage,40684,14879,95,08-11-2024 18:00,4.18,Z6,0.0,0.0,128.0,236.0
207,C07,115,109,297,84,4336,115,0.09,0.83,44,41,1228,08/14/2024 18:00,North,VIP,Pre,14,Closed,Blockage,40684,14879,95,08-11-2024 18:00,4.18,Z6,305.0,580.0,862.0,1455.0
207,C08,80,77,233,118,1035,77,0.1,0.8,47,29,815,08/14/2024 18:00,North,VIP,Pre,14,Closed,Blockage,40684,14879,95,08-11-2024 18:00,4.18,Z6,436.0,551.0,443.0,637.0
207,C09,161,155,277,57,3101,161,0.16,0.72,34,22,1022,08/14/2024 18:00,North,VIP,Pre,14,Closed,Blockage,40684,14879,95,08-11-2024 18:00,4.18,Z6,248.0,388.0,306.0,391.0
207,C10,163,156,462,105,1859,159,0.12,0.87,48,13,1311,08/14/2024 18:00,North,VIP,Pre,14,Closed,Blockage,40684,14879,95,08-11-2024 18:00,4.18,Z6,170.0,386.0,234.0,328.0
207,C11,69,67,478,78,4849,65,0.09,0.85,12,45,804,08/14/2024 18:00,North,VIP,Pre,14,Closed,Blockage,40684,14879,95,08-11-2024 18:00,4.18,Z6,152.0,332.0,595.0,696.0
207,C12,179,172,297,101,4946,175,0.19,0.79,40,8,942,08/14/2024 18:00,North,VIP,Pre,14,Closed,Blockage,40684,14879,95,08-11-2024 18:00,4.18,Z6,400.0,668.0,466.0,679.0
207,C13,171,165,373,93,4231,168,0.13,0.75,15,9,1301,08/14/2024 18:00,North,VIP,Pre,14,Closed,Blockage,40684,14879,95,08-11-2024 18:00,4.18,Z6,236.0,406.0,168.0,258.0
207,C14,138,138,297,116,3449,135,0.11,0.75,47,32,1224,08/14/2024 18:00,North,VIP,Pre,14,Closed,Blockage,40684,14879,95,08-11-2024 18:00,4.18,Z6,391.0,667.0,245.0,554.0
207,C15,192,187,317,50,2935,191,0.15,0.72,45,42,1275,08/14/2024 18:00,North,VIP,Pre,14,Closed,Blockage,40684,14879,95,08-11-2024 18:00,4.18,Z6,226.0,269.0,312.0,488.0
207,C16,141,134,411,68,1583,136,0.16,0.72,16,50,896,08/14/2024 18:00,North,VIP,Pre,14,Closed,Blockage,40684,14879,95,08-11-2024 18:00,4.18,Z6,155.0,308.0,0.0,0.0
207,C17,70,64,580,68,4972,69,0.06,0.92,50,27,1146,08/14/2024 18:00,North,VIP,Pre,14,Closed,Blockage,40684,14879,95,08-11-2024 18:00,4.18,Z6,573.0,731.0,169.0,254.0
207,C18,133,124,303,76,1211,133,0.1,0.75,13,6,1314,08/14/2024 18:00,North,VIP,Pre,14,Closed,Blockage,40684,14879,95,08-11-2024 18:00,4.18,Z6,174.0,188.0,219.0,642.0
207,C19,66,61,445,120,2998,63,0.06,0.72,45,16,1066,08/14/2024 18:00,North,VIP,Pre,14,Closed,Blockage,40684,14879,95,08-11-2024 18:00,4.18,Z6,437.0,624.0,328.0,526.0
207,C20,114,104,462,112,1241,110,0.09,0.84,39,5,1269,08/14/2024 18:00,North,VIP,Pre,14,Closed,Blockage,40684,14879,95,08-11-2024 18:00,4.18,Z6,674.0,924.0,467.0,757.0
207,C21,162,152,272,120,1672,158,0.12,0.93,45,46,1341,08/14/2024 18:00,North,VIP,Pre,14,Closed,Blockage,40684,14879,95,08-11-2024 18:00,4.18,Z6,249.0,414.0,364.0,466.0
207,C22,95,91,465,120,1448,94,0.11,0.84,9,42,855,08/14/2024 18:00,North,VIP,Pre,14,Closed,Blockage,40684,14879,95,08-11-2024 18:00,4.18,Z6,407.0,741.0,715.0,987.0
207,C23,54,46,435,92,1843,52,0.04,0.85,48,20,1466,08/14/2024 18:00,North,VIP,Pre,14,Closed,Blockage,40684,14879,95,08-11-2024 18:00,4.18,Z6,650.0,1071.0,127.0,226.0
207,C24,179,174,407,57,3163,174,0.18,0.91,36,15,1019,08/14/2024 18:00,North,VIP,Pre,14,Closed,Blockage,40684,14879,95,08-11-2024 18:00,4.18,Z6,419.0,445.0,628.0,799.0
207,C25,101,97,587,80,2669,96,0.11,0.93,18,21,956,08/14/2024 18:00,North,VIP,Pre,14,Closed,Blockage,40684,14879,95,08-11-2024 18:00,4.18,Z6,482.0,626.0,439.0,846.0
207,C26,57,55,323,50,4070,53,0.04,0.89,17,29,1434,08/14/2024 18:00,North,VIP,Pre,14,Closed,Blockage,40684,14879,95,08-11-2024 18:00,4.18,Z6,62.0,274.0,667.0,1254.0
207,C27,81,71,429,89,2461,78,0.09,0.94,28,16,876,08/14/2024 18:00,North,VIP,Pre,14,Closed,Blockage,40684,14879,95,08-11-2024 18:00,4.18,Z6,493.0,735.0,83.0,143.0
207,C28,181,177,251,82,4513,181,0.18,0.88,21,35,994,08/14/2024 18:00,North,VIP,Pre,14,Closed,Blockage,40684,14879,95,08-11-2024 18:00,4.18,Z6,228.0,347.0,117.0,206.0
207,C29,174,173,433,64,2497,170,0.14,0.93,39,41,1258,08/14/2024 18:00,North,VIP,Pre,14,Closed,Blockage,40684,14879,95,08-11-2024 18:00,4.18,Z6,248.0,349.0,282.0,410.0
207,C30,154,148,552,101,2389,151,0.11,0.73,15,10,1430,08/14/2024 18:00,North,VIP,Pre,14,Closed,Blockage,40684,14879,95,08-11-2024 18:00,4.18,Z6,146.0,415.0,0.0,0.0
207,C31,145,144,488,50,4612,143,0.16,0.79,20,45,927,08/14/2024 18:00,North,VIP,Pre,14,Closed,Blockage,40684,14879,95,08-11-2024 18:00,4.18,Z6,411.0,564.0,620.0,964.0
207,C32,107,97,383,56,4782,107,0.12,0.95,21,17,926,08/14/2024 18:00,North,VIP,Pre,14,Closed,Blockage,40684,14879,95,08-11-2024 18:00,4.18,Z6,273.0,392.0,83.0,135.0
207,C33,87,87,324,66,1311,84,0.08,0.94,38,14,1051,08/14/2024 18:00,North,VIP,Pre,14,Closed,Blockage,40684,14879,95,08-11-2024 18:00,4.18,Z6,0.0,0.0,624.0,785.0
207,C34,53,47,588,112,4881,50,0.05,0.93,37,13,1051,08/14/2024 18:00,North,VIP,Pre,14,Closed,Blockage,40684,14879,95,08-11-2024 18:00,4.18,Z6,527.0,722.0,0.0,0.0
207,C35,172,170,494,87,4329,170,0.12,0.77,36,11,1434,08/14/2024 18:00,North,VIP,Pre,14,Closed,Blockage,40684,14879,95,08-11-2024 18:00,4.18,Z6,565.0,767.0,0.0,0.0
207,C36,132,123,249,67,3763,127,0.16,0.71,7,30,813,08/14/2024 18:00,North,VIP,Pre,14,Closed,Blockage,40684,14879,95,08-11-2024 18:00,4.18,Z6,675.0,1087.0,904.0,1244.0
207,C37,57,53,548,113,3336,53,0.05,0.74,48,20,1231,08/14/2024 18:00,North,VIP,Pre,14,Closed,Blockage,40684,14879,95,08-11-2024 18:00,4.18,Z6,0.0,0.0,237.0,368.0
207,C38,163,160,207,119,1769,161,0.11,0.84,33,42,1461,08/14/2024 18:00,North,VIP,Pre,14,Closed,Blockage,40684,14879,95,08-11-2024 18:00,4.18,Z6,92.0,156.0,285.0,462.0
207,C39,151,147,421,92,2073,150,0.14,0.8,41,30,1074,08/14/2024 18:00,North,VIP,Pre,14,Closed,Blockage,40684,14879,95,08-11-2024 18:00,4.18,Z6,0.0,0.0,243.0,488.0
207,C40,112,110,446,84,3439,107,0.13,0.73,47,14,841,08/14/2024 18:00,North,VIP,Pre,14,Closed,Blockage,40684,14879,95,08-11-2024 18:00,4.18,Z6,301.0,386.0,610.0,969.0
207,C41,129,122,549,64,2249,126,0.09,0.9,36,42,1378,08/14/2024 18:00,North,VIP,Pre,14,Closed,Blockage,40684,14879,95,08-11-2024 18:00,4.18,Z6,369.0,463.0,513.0,633.0
207,C42,111,108,295,107,1412,111,0.11,0.79,26,19,1034,08/14/2024 18:00,North,VIP,Pre,14,Closed,Blockage,40684,14879,95,08-11-2024 18:00,4.18,Z6,275.0,336.0,115.0,153.0
207,C43,177,177,452,60,2548,177,0.13,0.71,47,36,1355,08/14/2024 18:00,North,VIP,Pre,14,Closed,Blockage,40684,14879,95,08-11-2024 18:00,4.18,Z6,441.0,664.0,163.0,176.0
207,C44,116,111,559,52,3115,112,0.08,0.82,47,22,1470,08/14/2024 18:00,North,VIP,Pre,14,Closed,Blockage,40684,14879,95,08-11-2024 18:00,4.18,Z6,412.0,537.0,153.0,252.0
207,C45,140,133,517,55,3965,140,0.12,0.83,32,6,1199,08/14/2024 18:00,North,VIP,Pre,14,Closed,Blockage,40684,14879,95,08-11-2024 18:00,4.18,Z6,107.0,132.0,134.0,162.0
207,C46,56,46,236,93,2224,55,0.05,0.8,33,15,1026,08/14/2024 18:00,North,VIP,Pre,14,Closed,Blockage,40684,14879,95,08-11-2024 18:00,4.18,Z6,389.0,765.0,131.0,182.0
207,C47,166,156,584,69,1441,166,0.12,0.75,45,25,1408,08/14/2024 18:00,North,VIP,Pre,14,Closed,Blockage,40684,14879,95,08-11-2024 18:00,4.18,Z6,134.0,162.0,0.0,0.0
207,C48,127,117,456,72,3968,123,0.12,0.86,44,33,1029,08/14/2024 18:00,North,VIP,Pre,14,Closed,Blockage,40684,14879,95,08-11-2024 18:00,4.18,Z6,327.0,520.0,98.0,101.0
207,C49,111,103,582,93,3093,108,0.12,0.94,34,37,962,08/14/2024 18:00,North,VIP,Pre,14,Closed,Blockage,40684,14879,95,08-11-2024 18:00,4.18,Z6,130.0,262.0,232.0,380.0
207,C50,96,90,369,100,4100,96,0.07,0.91,49,17,1402,08/14/2024 18:00,North,VIP,Pre,14,Closed,Blockage,40684,14879,95,08-11-2024 18:00,4.18,Z6,0.0,0.0,74.0,156.0
208,C01,175,165,600,117,2903,171,0.2,0.78,42,17,867,08-09-2024 18:00,West,Economy,At-Gate,20,Open,,59320,5305,92,08-11-2024 18:00,4.68,Z3,197.0,266.0,218.0,452.0
208,C02,166,160,552,120,1621,163,0.12,0.85,38,7,1394,08-09-2024 18:00,West,Economy,At-Gate,20,Open,,59320,5305,92,08-11-2024 18:00,4.68,Z3,355.0,384.0,151.0,171.0
208,C03,94,89,256,115,4995,90,0.09,0.89,15,21,1040,08-09-2024 18:00,West,Economy,At-Gate,20,Open,,59320,5305,92,08-11-2024 18:00,4.68,Z3,329.0,401.0,290.0,386.0
208,C04,154,150,306,113,3721,154,0.16,0.87,33,40,989,08-09-2024 18:00,West,Economy,At-Gate,20,Open,,59320,5305,92,08-11-2024 18:00,4.68,Z3,0.0,0.0,601.0,1109.0
208,C05,136,127,594,103,2842,136,0.1,0.9,37,8,1429,08-09-2024 18:00,West,Economy,At-Gate,20,Open,,59320,5305,92,08-11-2024 18:00,4.68,Z3,138.0,168.0,410.0,548.0
208,C06,122,118,365,61,3929,121,0.1,0.85,37,40,1212,08-09-2024 18:00,West,Economy,At-Gate,20,Open,,59320,5305,92,08-11-2024 18:00,4.68,Z3,122.0,127.0,220.0,482.0
208,C07,58,50,332,103,2050,57,0.05,0.93,44,18,1101,08-09-2024 18:00,West,Economy,At-Gate,20,Open,,59320,5305,92,08-11-2024 18:00,4.68,Z3,314.0,612.0,133.0,160.0
208,C08,59,49,417,57,3429,59,0.05,0.78,36,16,1177,08-09-2024 18:00,West,Economy,At-Gate,20,Open,,59320,5305,92,08-11-2024 18:00,4.68,Z3,111.0,152.0,85.0,102.0
208,C09,119,113,431,92,2501,116,0.1,0.93,44,21,1134,08-09-2024 18:00,West,Economy,At-Gate,20,Open,,59320,5305,92,08-11-2024 18:00,4.68,Z3,501.0,990.0,506.0,960.0
208,C10,51,41,385,90,4059,49,0.04,0.87,50,14,1311,08-09-2024 18:00,West,Economy,At-Gate,20,Open,,59320,5305,92,08-11-2024 18:00,4.68,Z3,0.0,0.0,0.0,0.0
208,C11,191,183,205,108,3663,187,0.15,0.73,15,21,1280,08-09-2024 18:00,West,Economy,At-Gate,20,Open,,59320,5305,92,08-11-2024 18:00,4.68,Z3,111.0,191.0,512.0,1002.0
208,C12,154,150,206,113,2278,152,0.12,0.75,10,42,1280,08-09-2024 18:00,West,Economy,At-Gate,20,Open,,59320,5305,92,08-11-2024 18:00,4.68,Z3,466.0,819.0,0.0,0.0
208,C13,172,165,498,52,3904,170,0.2,0.76,21,7,882,08-09-2024 18:00,West,Economy,At-Gate,20,Open,,59320,5305,92,08-11-2024 18:00,4.68,Z3,364.0,600.0,343.0,579.0
208,C14,88,83,232,108,3386,88,0.11,0.84,5,19,817,08-09-2024 18:00,West,Economy,At-Gate,20,Open,,59320,5305,92,08-11-2024 18:00,4.68,Z3,79.0,294.0,237.0,401.0
208,C15,56,48,235,115,1895,52,0.05,0.85,18,43,1024,08-09-2024 18:00,West,Economy,At-Gate,20,Open,,59320,5305,92,08-11-2024 18:00,4.68,Z3,423.0,493.0,640.0,874.0
208,C16,181,180,593,97,1219,181,0.15,0.78,28,47,1238,08-09-2024 18:00,West,Economy,At-Gate,20,Open,,59320,5305,92,08-11-2024 18:00,4.68,Z3,80.0,194.0,340.0,565.0
208,C17,96,96,297,93,1051,94,0.08,0.94,11,15,1253,08-09-2024 18:00,West,Economy,At-Gate,20,Open,,59320,5305,92,08-11-2024 18:00,4.68,Z3,678.0,890.0,138.0,293.0
208,C18,77,68,483,83,2737,72,0.08,0.94,7,47,1021,08-09-2024 18:00,West,Economy,At-Gate,20,Open,,59320,5305,92,08-11-2024 18:00,4.68,Z3,833.0,1151.0,679.0,897.0
208,C19,134,132,468,51,4123,131,0.1,0.78,40,29,1292,08-09-2024 18:00,West,Economy,At-Gate,20,Open,,59320,5305,92,08-11-2024 18:00,4.68,Z3,293.0,565.0,60.0,117.0
208,C20,107,105,496,97,2109,102,0.09,0.85,26,9,1209,08-09-2024 18:00,West,Economy,At-Gate,20,Open,,59320,5305,92,08-11-2024 18:00,4.68,Z3,460.0,950.0,0.0,0.0
208,C21,200,200,276,61,1265,195,0.18,0.93,39,8,1142,08-09-2024 18:00,West,Economy,At-Gate,20,Open,,59320,5305,92,08-11-2024 18:00,4.68,Z3,213.0,358.0,475.0,743.0
208,C22,70,68,305,67,3996,69,0.08,0.7,47,16,829,08-09-2024 18:00,West,Economy,At-Gate,20,Open,,59320,5305,92,08-11-2024 18:00,4.68,Z3,814.0,1043.0,296.0,404.0
208,C23,159,157,261,104,1313,157,0.2,0.75,6,23,814,08-09-2024 18:00,West,Economy,At-Gate,20,Open,,59320,5305,92,08-11-2024 18:00,4.68,Z3,310.0,535.0,113.0,182.0
208,C24,84,84,571,53,4530,81,0.09,0.86,50,7,952,08-09-2024 18:00,West,Economy,At-Gate,20,Open,,59320,5305,92,08-11-2024 18:00,4.68,Z3,798.0,1140.0,1019.0,1441.0
208,C25,175,169,284,110,2581,170,0.17,0.74,23,29,1053,08-09-2024 18:00,West,Economy,At-Gate,20,Open,,59320,5305,92,08-11-2024 18:00,4.68,Z3,55.0,160.0,163.0,335.0
208,C26,79,74,542,89,2627,79,0.07,0.82,11,31,1141,08-09-2024 18:00,West,Economy,At-Gate,20,Open,,59320,5305,92,08-11-2024 18:00,4.68,Z3,71.0,271.0,278.0,286.0
208,C27,72,63,406,76,1432,67,0.06,0.75,49,10,1246,08-09-2024 18:00,West,Economy,At-Gate,20,Open,,59320,5305,92,08-11-2024 18:00,4.68,Z3,501.0,1005.0,286.0,394.0
208,C28,136,128,247,72,2051,135,0.1,0.9,19,9,1349,08-09-2024 18:00,West,Economy,At-Gate,20,Open,,59320,5305,92,08-11-2024 18:00,4.68,Z3,0.0,0.0,0.0,0.0
208,C29,53,50,466,71,2294,51,0.05,0.79,13,38,1124,08-09-2024 18:00,West,Economy,At-Gate,20,Open,,59320,5305,92,08-11-2024 18:00,4.68,Z3,254.0,277.0,273.0,403.0
208,C30,73,66,267,65,3680,71,0.08,0.92,27,33,882,08-09-2024 18:00,West,Economy,At-Gate,20,Open,,59320,5305,92,08-11-2024 18:00,4.68,Z3,143.0,426.0,199.0,212.0
208,C31,141,139,330,109,1867,140,0.11,0.72,28,20,1336,08-09-2024 18:00,West,Economy,At-Gate,20,Open,,59320,5305,92,08-11-2024 18:00,4.68,Z3,79.0,280.0,93.0,158.0
208,C32,100,94,545,75,1082,99,0.11,0.77,16,31,893,08-09-2024 18:00,West,Economy,At-Gate,20,Open,,59320,5305,92,08-11-2024 18:00,4.68,Z3,118.0,294.0,0.0,0.0
208,C33,128,126,467,78,3922,127,0.15,0.79,44,42,826,08-09-2024 18:00,West,Economy,At-Gate,20,Open,,59320,5305,92,08-11-2024 18:00,4.68,Z3,328.0,409.0,501.0,755.0
208,C34,121,118,298,96,2316,121,0.12,0.87,25,5,1029,08-09-2024 18:00,West,Economy,At-Gate,20,Open,,59320,5305,92,08-11-2024 18:00,4.68,Z3,0.0,0.0,356.0,761.0
208,C35,193,185,537,116,1380,192,0.13,0.8,7,48,1488,08-09-2024 18:00,West,Economy,At-Gate,20,Open,,59320,5305,92,08-11-2024 18:00,4.68,Z3,423.0,540.0,514.0,831.0
208,C36,68,65,583,78,3747,65,0.05,0.76,28,7,1382,08-09-2024 18:00,West,Economy,At-Gate,20,Open,,59320,5305,92,08-11-2024 18:00,4.68,Z3,120.0,277.0,176.0,373.0
208,C37,65,55,497,94,3928,63,0.08,0.8,27,48,840,08-09-2024 18:00,West,Economy,At-Gate,20,Open,,59320,5305,92,08-11-2024 18:00,4.68,Z3,479.0,825.0,60.0,260.0
208,C38,199,190,224,95,2286,197,0.16,0.84,10,43,1277,08-09-2024 18:00,West,Economy,At-Gate,20,Open,,59320,5305,92,08-11-2024 18:00,4.68,Z3,176.0,297.0,422.0,750.0
208,C39,122,113,533,85,3845,119,0.09,0.81,41,35,1357,08-09-2024 18:00,West,Economy,At-Gate,20,Open,,59320,5305,92,08-11-2024 18:00,4.68,Z3,202.0,403.0,182.0,382.0
208,C40,195,193,332,96,3159,193,0.17,0.82,49,33,1157,08-09-2024 18:00,West,Economy,At-Gate,20,Open,,59320,5305,92,08-11-2024 18:00,4.68,Z3,179.0,234.0,548.0,907.0
208,C41,100,99,327,52,2180,96,0.08,0.84,5,36,1201,08-09-2024 18:00,West,Economy,At-Gate,20,Open,,59320,5305,92,08-11-2024 18:00,4.68,Z3,74.0,239.0,528.0,1080.0
208,C42,180,172,333,72,3454,177,0.16,0.78,32,50,1130,08-09-2024 18:00,West,Economy,At-Gate,20,Open,,59320,5305,92,08-11-2024 18:00,4.68,Z3,501.0,640.0,610.0,910.0
208,C43,178,169,379,68,2026,176,0.17,0.84,37,50,1020,08-09-2024 18:00,West,Economy,At-Gate,20,Open,,59320,5305,92,08-11-2024 18:00,4.68,Z3,539.0,1107.0,162.0,182.0
208,C44,97,87,584,78,3735,95,0.1,0.78,20,41,1012,08-09-2024 18:00,West,Economy,At-Gate,20,Open,,59320,5305,92,08-11-2024 18:00,4.68,Z3,162.0,182.0,234.0,514.0
208,C45,196,191,495,99,1185,192,0.22,0.8,23,39,890,08-09-2024 18:00,West,Economy,At-Gate,20,Open,,59320,5305,92,08-11-2024 18:00,4.68,Z3,234.0,456.0,72.0,176.0
208,C46,139,135,527,107,3646,136,0.1,0.71,23,39,1443,08-09-2024 18:00,West,Economy,At-Gate,20,Open,,59320,5305,92,08-11-2024 18:00,4.68,Z3,147.0,556.0,358.0,516.0
208,C47,197,188,461,118,1255,195,0.15,0.76,6,37,1274,08-09-2024 18:00,West,Economy,At-Gate,20,Open,,59320,5305,92,08-11-2024 18:00,4.68,Z3,418.0,509.0,395.0,608.0
208,C48,98,92,217,59,1227,97,0.07,0.88,18,15,1446,08-09-2024 18:00,West,Economy,At-Gate,20,Open,,59320,5305,92,08-11-2024 18:00,4.68,Z3,837.0,1136.0,0.0,0.0
208,C49,93,90,307,65,3479,88,0.11,0.89,11,22,824,08-09-2024 18:00,West,Economy,At-Gate,20,Open,,59320,5305,92,08-11-2024 18:00,4.68,Z3,333.0,520.0,118.0,137.0
208,C50,135,134,367,59,1883,133,0.12,0.76,37,7,1155,08-09-2024 18:00,West,Economy,At-Gate,20,Open,,59320,5305,92,08-11-2024 18:00,4.68,Z3,0.0,0.0,368.0,568.0
209,C01,136,135,415,80,4995,134,0.12,0.95,13,23,1134,08-06-2024 18:00,South,VIP,Pre,21,Closed,Overcrowding,52985,11053,99,08/13/2024 18:00,3.61,Z7,366.0,578.0,130.0,178.0
209,C02,72,64,469,75,4252,69,0.05,0.71,35,42,1403,08-06-2024 18:00,South,VIP,Pre,21,Closed,Overcrowding,52985,11053,99,08/13/2024 18:00,3.61,Z7,257.0,556.0,285.0,556.0
209,C03,177,172,514,112,4185,174,0.12,0.72,20,43,1467,08-06-2024 18:00,South,VIP,Pre,21,Closed,Overcrowding,52985,11053,99,08/13/2024 18:00,3.61,Z7,294.0,426.0,484.0,857.0
209,C04,126,118,503,97,4127,123,0.13,0.81,44,42,1006,08-06-2024 18:00,South,VIP,Pre,21,Closed,Overcrowding,52985,11053,99,08/13/2024 18:00,3.61,Z7,407.0,698.0,428.0,647.0
209,C05,200,199,534,54,1820,195,0.18,0.91,15,43,1102,08-06-2024 18:00,South,VIP,Pre,21,Closed,Overcrowding,52985,11053,99,08/13/2024 18:00,3.61,Z7,0.0,0.0,442.0,714.0
209,C06,128,123,337,79,4042,124,0.09,0.94,23,22,1398,08-06-2024 18:00,South,VIP,Pre,21,Closed,Overcrowding,52985,11053,99,08/13/2024 18:00,3.61,Z7,520.0,754.0,161.0,277.0
209,C07,155,150,376,84,3179,153,0.17,0.72,31,28,920,08-06-2024 18:00,South,VIP,Pre,21,Closed,Overcrowding,52985,11053,99,08/13/2024 18:00,3.61,Z7,183.0,287.0,390.0,394.0
209,C08,93,92,259,55,4378,90,0.08,0.91,24,31,1150,08-06-2024 18:00,South,VIP,Pre,21,Closed,Overcrowding,52985,11053,99,08/13/2024 18:00,3.61,Z7,56.0,257.0,0.0,0.0
209,C09,143,137,579,89,1500,143,0.15,0.95,31,26,946,08-06-2024 18:00,South,VIP,Pre,21,Closed,Overcrowding,52985,11053,99,08/13/2024 18:00,3.61,Z7,530.0,784.0,178.0,288.0
209,C10,187,179,530,89,3910,184,0.2,0.71,25,31,921,08-06-2024 18:00,South,VIP,Pre,21,Closed,Overcrowding,52985,11053,99,08/13/2024 18:00,3.61,Z7,103.0,223.0,178.0,300.0
209,C11,92,89,400,65,1867,91,0.09,0.86,5,35,1046,08-06-2024 18:00,South,VIP,Pre,21,Closed,Overcrowding,52985,11053,99,08/13/2024 18:00,3.61,Z7,626.0,843.0,193.0,514.0
209,C12,75,70,322,66,4754,72,0.05,0.84,5,23,1471,08-06-2024 18:00,South,VIP,Pre,21,Closed,Overcrowding,52985,11053,99,08/13/2024 18:00,3.61,Z7,0.0,0.0,422.0,648.0
209,C13,85,77,555,96,3387,85,0.07,0.9,8,14,1179,08-06-2024 18:00,South,VIP,Pre,21,Closed,Overcrowding,52985,11053,99,08/13/2024 18:00,3.61,Z7,250.0,273.0,159.0,240.0
209,C14,157,153,234,58,3299,154,0.11,0.75,17,16,1436,08-06-2024 18:00,South,VIP,Pre,21,Closed,Overcrowding,52985,11053,99,08/13/2024 18:00,3.61,Z7,82.0,250.0,75.0,281.0
209,C15,200,196,584,89,1500,200,0.16,0.85,11,35,1235,08-06-2024 18:00,South,VIP,Pre,21,Closed,Overcrowding,52985,11053,99,08/13/2024 18:00,3.61,Z7,779.0,1278.0,150.0,161.0
209,C16,63,55,580,79,4959,62,0.05,0.73,14,5,1240,08-06-2024 18:00,South,VIP,Pre,21,Closed,Overcrowding,52985,11053,99,08/13/2024 18:00,3.61,Z7,0.0,0.0,402.0,625.0
209,C17,154,148,286,70,4210,149,0.17,0.71,37,33,902,08-06-2024 18:00,South,VIP,Pre,21,Closed,Overcrowding,52985,11053,99,08/13/2024 18:00,3.61,Z7,582.0,1005.0,465.0,829.0
209,C18,117,111,556,93,4358,113,0.09,0.71,15,39,1309,08-06-2024 18:00,South,VIP,Pre,21,Closed,Overcrowding,52985,11053,99,08/13/2024 18:00,3.61,Z7,322.0,543.0,181.0,239.0
209,C19,71,61,340,92,1823,66,0.08,0.94,11,45,932,08-06-2024 18:00,South,VIP,Pre,21,Closed,Overcrowding,52985,11053,99,08/13/2024 18:00,3.61,Z7,460.0,707.0,225.0,354.0
209,C20,90,82,267,105,1507,86,0.06,0.93,28,10,1457,08-06-2024 18:00,South,VIP,Pre,21,Closed,Overcrowding,52985,11053,99,08/13/2024 18:00,3.61,Z7,548.0,1060.0,257.0,417.0
209,C21,140,132,251,56,1215,137,0.13,0.75,20,37,1062,08-06-2024 18:00,South,VIP,Pre,21,Closed,Overcrowding,52985,11053,99,08/13/2024 18:00,3.61,Z7,227.0,402.0,501.0,966.0
209,C22,61,56,214,110,4589,61,0.06,0.95,11,10,1024,08-06-2024 18:00,South,VIP,Pre,21,Closed,Overcrowding,52985,11053,99,08/13/2024 18:00,3.61,Z7,271.0,297.0,470.0,506.0
209,C23,78,73,331,69,2457,75,0.06,0.87,8,28,1250,08-06-2024 18:00,South,VIP,Pre,21,Closed,Overcrowding,52985,11053,99,08/13/2024 18:00,3.61,Z7,166.0,196.0,272.0,411.0
209,C24,186,180,496,50,4753,184,0.15,0.9,32,9,1205,08-06-2024 18:00,South,VIP,Pre,21,Closed,Overcrowding,52985,11053,99,08/13/2024 18:00,3.61,Z7,134.0,134.0,202.0,459.0
209,C25,71,71,228,105,4400,68,0.08,0.81,36,11,894,08-06-2024 18:00,South,VIP,Pre,21,Closed,Overcrowding,52985,11053,99,08/13/2024 18:00,3.61,Z7,231.0,455.0,621.0,757.0
209,C26,85,79,588,101,1609,81,0.08,0.88,19,15,1035,08-06-2024 18:00,South,VIP,Pre,21,Closed,Overcrowding,52985,11053,99,08/13/2024 18:00,3.61,Z7,485.0,682.0,227.0,392.0
209,C27,81,72,391,67,4706,79,0.09,0.84,27,22,949,08-06-2024 18:00,South,VIP,Pre,21,Closed,Overcrowding,52985,11053,99,08/13/2024 18:00,3.61,Z7,193.0,285.0,520.0,914.0
209,C28,112,112,343,92,3820,107,0.08,0.94,18,19,1366,08-06-2024 18:00,South,VIP,Pre,21,Closed,Overcrowding,52985,11053,99,08/13/2024 18:00,3.61,Z7,129.0,246.0,0.0,0.0
209,C29,158,150,372,105,4959,156,0.12,0.86,33,24,1364,08-06-2024 18:00,South,VIP,Pre,21,Closed,Overcrowding,52985,11053,99,08/13/2024 18:00,3.61,Z7,218.0,352.0,432.0,539.0
209,C30,150,148,298,98,4571,149,0.11,0.86,50,20,1395,08-06-2024 18:00,South,VIP,Pre,21,Closed,Overcrowding,52985,11053,99,08/13/2024 18:00,3.61,Z7,196.0,301.0,236.0,469.0
209,C31,104,97,221,60,1608,101,0.08,0.83,15,38,1310,08-06-2024 18:00,South,VIP,Pre,21,Closed,Overcrowding,52985,11053,99,08/13/2024 18:00,3.61,Z7,152.0,192.0,550.0,837.0
209,C32,172,168,297,96,4832,170,0.12,0.88,25,29,1454,08-06-2024 18:00,South,VIP,Pre,21,Closed,Overcrowding,52985,11053,99,08/13/2024 18:00,3.61,Z7,896.0,1290.0,88.0,111.0
209,C33,190,189,289,51,3638,186,0.13,0.92,32,49,1442,08-06-2024 18:00,South,VIP,Pre,21,Closed,Overcrowding,52985,11053,99,08/13/2024 18:00,3.61,Z7,906.0,1149.0,445.0,767.0
209,C34,147,143,225,109,1799,143,0.1,0.85,21,39,1475,08-06-2024 18:00,South,VIP,Pre,21,Closed,Overcrowding,52985,11053,99,08/13/2024 18:00,3.61,Z7,150.0,376.0,608.0,983.0
209,C35,192,182,386,58,3885,187,0.19,0.92,38,5,1006,08-06-2024 18:00,South,VIP,Pre,21,Closed,Overcrowding,52985,11053,99,08/13/2024 18:00,3.61,Z7,564.0,814.0,308.0,365.0
209,C36,187,177,562,96,4017,183,0.15,0.85,42,29,1283,08-06-2024 18:00,South,VIP,Pre,21,Closed,Overcrowding,52985,11053,99,08/13/2024 18:00,3.61,Z7,0.0,0.0,215.0,568.0
209,C37,78,77,453,120,4987,73,0.06,0.71,48,9,1272,08-06-2024 18:00,South,VIP,Pre,21,Closed,Overcrowding,52985,11053,99,08/13/2024 18:00,3.61,Z7,553.0,996.0,321.0,406.0
209,C38,200,190,410,106,4619,199,0.24,0.76,37,26,844,08-06-2024 18:00,South,VIP,Pre,21,Closed,Overcrowding,52985,11053,99,08/13/2024 18:00,3.61,Z7,436.0,787.0,207.0,331.0
209,C39,110,105,564,109,4331,109,0.1,0.8,9,32,1075,08-06-2024 18:00,South,VIP,Pre,21,Closed,Overcrowding,52985,11053,99,08/13/2024 18:00,3.61,Z7,0.0,0.0,480.0,692.0
209,C40,111,106,324,62,4898,106,0.12,0.91,50,50,910,08-06-2024 18:00,South,VIP,Pre,21,Closed,Overcrowding,52985,11053,99,08/13/2024 18:00,3.61,Z7,253.0,420.0,482.0,683.0
209,C41,122,114,437,55,1886,121,0.09,0.71,6,40,1287,08-06-2024 18:00,South,VIP,Pre,21,Closed,Overcrowding,52985,11053,99,08/13/2024 18:00,3.61,Z7,216.0,440.0,464.0,743.0
209,C42,116,111,323,92,3770,115,0.12,0.85,5,15,928,08-06-2024 18:00,South,VIP,Pre,21,Closed,Overcrowding,52985,11053,99,08/13/2024 18:00,3.61,Z7,251.0,385.0,671.0,1192.0
209,C43,149,143,262,120,3622,149,0.1,0.71,19,23,1469,08-06-2024 18:00,South,VIP,Pre,21,Closed,Overcrowding,52985,11053,99,08/13/2024 18:00,3.61,Z7,388.0,729.0,0.0,0.0
209,C44,176,171,528,67,4411,175,0.18,0.86,16,10,965,08-06-2024 18:00,South,VIP,Pre,21,Closed,Overcrowding,52985,11053,99,08/13/2024 18:00,3.61,Z7,75.0,104.0,402.0,657.0
209,C45,172,169,289,104,4052,167,0.18,0.88,11,41,930,08-06-2024 18:00,South,VIP,Pre,21,Closed,Overcrowding,52985,11053,99,08/13/2024 18:00,3.61,Z7,263.0,493.0,271.0,297.0
209,C46,65,56,563,98,2511,64,0.05,0.94,39,37,1247,08-06-2024 18:00,South,VIP,Pre,21,Closed,Overcrowding,52985,11053,99,08/13/2024 18:00,3.61,Z7,0.0,0.0,214.0,295.0
209,C47,92,83,257,75,3716,89,0.1,0.7,39,43,957,08-06-2024 18:00,South,VIP,Pre,21,Closed,Overcrowding,52985,11053,99,08/13/2024 18:00,3.61,Z7,401.0,496.0,226.0,352.0
209,C48,134,127,416,111,1909,130,0.13,0.87,45,23,1018,08-06-2024 18:00,South,VIP,Pre,21,Closed,Overcrowding,52985,11053,99,08/13/2024 18:00,3.61,Z7,243.0,424.0,291.0,297.0
209,C49,110,110,205,108,4411,107,0.08,0.77,37,14,1399,08-06-2024 18:00,South,VIP,Pre,21,Closed,Overcrowding,52985,11053,99,08/13/2024 18:00,3.61,Z7,375.0,538.0,153.0,509.0
209,C50,197,194,321,77,3641,195,0.17,0.87,34,26,1175,08-06-2024 18:00,South,VIP,Pre,21,Closed,Overcrowding,52985,11053,99,08/13/2024 18:00,3.61,Z7,602.0,857.0,257.0,345.0
210,C01,55,54,295,81,2126,55,0.06,0.84,28,33,976,08-07-2024 18:00,East,Regular,Pre,18,Closed,,58212,9612,100,08/18/2024 18:00,5.98,Z3,196.0,313.0,194.0,278.0
210,C02,190,190,503,107,3451,187,0.24,0.74,23,17,806,08-07-2024 18:00,East,Regular,Pre,18,Closed,,58212,9612,100,08/18/2024 18:00,5.98,Z3,392.0,653.0,649.0,1204.0
210,C03,70,64,514,52,4596,68,0.07,0.73,7,38,977,08-07-2024 18:00,East,Regular,Pre,18,Closed,,58212,9612,100,08/18/2024 18:00,5.98,Z3,245.0,346.0,284.0,439.0
210,C04,170,163,458,84,3026,167,0.18,0.85,49,24,965,08-07-2024 18:00,East,Regular,Pre,18,Closed,,58212,9612,100,08/18/2024 18:00,5.98,Z3,124.0,328.0,253.0,263.0
210,C05,162,162,424,106,2256,159,0.14,0.83,7,30,1125,08-07-2024 18:00,East,Regular,Pre,18,Closed,,58212,9612,100,08/18/2024 18:00,5.98,Z3,423.0,631.0,465.0,581.0
210,C06,181,179,465,80,1844,177,0.19,0.71,28,10,933,08-07-2024 18:00,East,Regular,Pre,18,Closed,,58212,9612,100,08/18/2024 18:00,5.98,Z3,607.0,904.0,378.0,767.0
210,C07,130,124,467,94,3839,125,0.16,0.78,28,5,811,08-07-2024 18:00,East,Regular,Pre,18,Closed,,58212,9612,100,08/18/2024 18:00,5.98,Z3,0.0,0.0,454.0,805.0
210,C08,160,157,382,75,3209,156,0.17,0.73,30,12,923,08-07-2024 18:00,East,Regular,Pre,18,Closed,,58212,9612,100,08/18/2024 18:00,5.98,Z3,226.0,368.0,263.0,463.0
210,C09,130,129,596,115,1263,127,0.15,0.78,18,32,875,08-07-2024 18:00,East,Regular,Pre,18,Closed,,58212,9612,100,08/18/2024 18:00,5.98,Z3,549.0,1172.0,195.0,361.0
210,C10,85,82,246,110,1412,84,0.07,0.86,30,43,1243,08-07-2024 18:00,East,Regular,Pre,18,Closed,,58212,9612,100,08/18/2024 18:00,5.98,Z3,134.0,160.0,310.0,444.0
210,C11,122,115,383,79,3647,122,0.15,0.88,46,40,805,08-07-2024 18:00,East,Regular,Pre,18,Closed,,58212,9612,100,08/18/2024 18:00,5.98,Z3,541.0,910.0,343.0,583.0
210,C12,144,141,253,102,4468,142,0.11,0.89,40,19,1311,08-07-2024 18:00,East,Regular,Pre,18,Closed,,58212,9612,100,08/18/2024 18:00,5.98,Z3,355.0,433.0,135.0,238.0
210,C13,138,136,500,86,1893,137,0.15,0.93,20,15,935,08-07-2024 18:00,East,Regular,Pre,18,Closed,,58212,9612,100,08/18/2024 18:00,5.98,Z3,160.0,280.0,212.0,405.0
210,C14,106,99,461,103,3757,105,0.12,0.85,13,13,849,08-07-2024 18:00,East,Regular,Pre,18,Closed,,58212,9612,100,08/18/2024 18:00,5.98,Z3,169.0,434.0,128.0,399.0
210,C15,168,163,453,51,3287,163,0.2,0.86,9,17,821,08-07-2024 18:00,East,Regular,Pre,18,Closed,,58212,9612,100,08/18/2024 18:00,5.98,Z3,126.0,148.0,563.0,860.0
210,C16,72,71,359,53,1222,67,0.05,0.81,9,48,1455,08-07-2024 18:00,East,Regular,Pre,18,Closed,,58212,9612,100,08/18/2024 18:00,5.98,Z3,197.0,386.0,108.0,333.0
210,C17,68,58,320,93,4148,68,0.06,0.95,45,43,1139,08-07-2024 18:00,East,Regular,Pre,18,Closed,,58212,9612,100,08/18/2024 18:00,5.98,Z3,144.0,275.0,0.0,0.0
210,C18,140,136,439,67,3040,136,0.11,0.83,25,7,1253,08-07-2024 18:00,East,Regular,Pre,18,Closed,,58212,9612,100,08/18/2024 18:00,5.98,Z3,0.0,0.0,198.0,218.0
210,C19,144,138,416,108,4044,141,0.14,0.91,32,14,1016,08-07-2024 18:00,East,Regular,Pre,18,Closed,,58212,9612,100,08/18/2024 18:00,5.98,Z3,290.0,538.0,231.0,254.0
210,C20,56,48,254,84,1101,52,0.04,0.75,26,40,1385,08-07-2024 18:00,East,Regular,Pre,18,Closed,,58212,9612,100,08/18/2024 18:00,5.98,Z3,106.0,121.0,779.0,1160.0
210,C21,191,190,499,117,1182,190,0.14,0.76,11,15,1407,08-07-2024 18:00,East,Regular,Pre,18,Closed,,58212,9612,100,08/18/2024 18:00,5.98,Z3,577.0,750.0,486.0,628.0
210,C22,62,52,261,97,1907,62,0.05,0.88,26,43,1348,08-07-2024 18:00,East,Regular,Pre,18,Closed,,58212,9612,100,08/18/2024 18:00,5.98,Z3,301.0,550.0,0.0,0.0
210,C23,84,76,253,61,2211,79,0.06,0.77,8,15,1384,08-07-2024 18:00,East,Regular,Pre,18,Closed,,58212,9612,100,08/18/2024 18:00,5.98,Z3,0.0,0.0,132.0,143.0
210,C24,128,119,563,71,4703,124,0.12,0.94,43,33,1056,08-07-2024 18:00,East,Regular,Pre,18,Closed,,58212,9612,100,08/18/2024 18:00,5.98,Z3,191.0,397.0,417.0,756.0
210,C25,84,83,591,97,2013,81,0.06,0.83,36,9,1463,08-07-2024 18:00,East,Regular,Pre,18,Closed,,58212,9612,100,08/18/2024 18:00,5.98,Z3,67.0,180.0,393.0,865.0
210,C26,155,150,557,86,2187,153,0.15,0.78,25,24,1049,08-07-2024 18:00,East,Regular,Pre,18,Closed,,58212,9612,100,08/18/2024 18:00,5.98,Z3,176.0,224.0,0.0,0.0
210,C27,174,170,205,77,4183,172,0.17,0.82,13,39,1036,08-07-2024 18:00,East,Regular,Pre,18,Closed,,58212,9612,100,08/18/2024 18:00,5.98,Z3,62.0,195.0,190.0,318.0
210,C28,91,82,422,51,3970,87,0.07,0.74,31,31,1341,08-07-2024 18:00,East,Regular,Pre,18,Closed,,58212,9612,100,08/18/2024 18:00,5.98,Z3,272.0,736.0,266.0,394.0
210,C29,76,67,326,76,3997,71,0.08,0.86,39,27,917,08-07-2024 18:00,East,Regular,Pre,18,Closed,,58212,9612,100,08/18/2024 18:00,5.98,Z3,135.0,238.0,240.0,610.0
210,C30,140,134,565,70,1408,139,0.15,0.79,31,49,922,08-07-2024 18:00,East,Regular,Pre,18,Closed,,58212,9612,100,08/18/2024 18:00,5.98,Z3,420.0,576.0,450.0,620.0
210,C31,166,157,264,76,4981,164,0.14,0.84,12,45,1184,08-07-2024 18:00,East,Regular,Pre,18,Closed,,58212,9612,100,08/18/2024 18:00,5.98,Z3,0.0,0.0,73.0,143.0
210,C32,67,64,361,92,1906,62,0.08,0.75,47,23,869,08-07-2024 18:00,East,Regular,Pre,18,Closed,,58212,9612,100,08/18/2024 18:00,5.98,Z3,309.0,510.0,324.0,710.0
210,C33,172,171,455,104,2264,170,0.17,0.74,39,15,1022,08-07-2024 18:00,East,Regular,Pre,18,Closed,,58212,9612,100,08/18/2024 18:00,5.98,Z3,51.0,115.0,219.0,373.0
210,C34,50,43,261,91,3685,45,0.05,0.84,17,30,1074,08-07-2024 18:00,East,Regular,Pre,18,Closed,,58212,9612,100,08/18/2024 18:00,5.98,Z3,197.0,212.0,304.0,683.0
210,C35,97,91,422,96,3644,94,0.08,0.71,7,32,1250,08-07-2024 18:00,East,Regular,Pre,18,Closed,,58212,9612,100,08/18/2024 18:00,5.98,Z3,285.0,509.0,263.0,456.0
210,C36,79,73,593,78,2675,78,0.08,0.78,45,24,956,08-07-2024 18:00,East,Regular,Pre,18,Closed,,58212,9612,100,08/18/2024 18:00,5.98,Z3,468.0,616.0,98.0,260.0
210,C37,64,64,242,84,3441,63,0.05,0.92,31,7,1250,08-07-2024 18:00,East,Regular,Pre,18,Closed,,58212,9612,100,08/18/2024 18:00,5.98,Z3,339.0,438.0,236.0,380.0
210,C38,134,128,229,70,1559,134,0.1,0.92,9,39,1335,08-07-2024 18:00,East,Regular,Pre,18,Closed,,58212,9612,100,08/18/2024 18:00,5.98,Z3,208.0,457.0,295.0,397.0
210,C39,77,70,344,113,1328,77,0.05,0.92,14,23,1478,08-07-2024 18:00,East,Regular,Pre,18,Closed,,58212,9612,100,08/18/2024 18:00,5.98,Z3,490.0,749.0,333.0,634.0
210,C40,68,61,267,100,1477,65,0.08,0.94,26,47,803,08-07-2024 18:00,East,Regular,Pre,18,Closed,,58212,9612,100,08/18/2024 18:00,5.98,Z3,521.0,959.0,238.0,359.0
210,C41,176,176,508,113,3942,172,0.13,0.9,30,39,1387,08-07-2024 18:00,East,Regular,Pre,18,Closed,,58212,9612,100,08/18/2024 18:00,5.98,Z3,578.0,922.0,406.0,499.0
210,C42,89,82,247,81,4724,87,0.08,0.81,20,13,1134,08-07-2024 18:00,East,Regular,Pre,18,Closed,,58212,9612,100,08/18/2024 18:00,5.98,Z3,0.0,0.0,551.0,865.0
210,C43,93,87,490,86,3146,90,0.1,0.89,48,27,886,08-07-2024 18:00,East,Regular,Pre,18,Closed,,58212,9612,100,08/18/2024 18:00,5.98,Z3,113.0,122.0,193.0,433.0
210,C44,169,164,595,90,1496,165,0.12,0.78,16,38,1370,08-07-2024 18:00,East,Regular,Pre,18,Closed,,58212,9612,100,08/18/2024 18:00,5.98,Z3,623.0,1068.0,0.0,0.0
210,C45,163,154,346,96,2857,163,0.14,0.72,33,17,1130,08-07-2024 18:00,East,Regular,Pre,18,Closed,,58212,9612,100,08/18/2024 18:00,5.98,Z3,418.0,508.0,53.0,174.0
210,C46,152,144,359,58,2131,147,0.17,0.8,26,25,910,08-07-2024 18:00,East,Regular,Pre,18,Closed,,58212,9612,100,08/18/2024 18:00,5.98,Z3,292.0,438.0,0.0,0.0
210,C47,173,163,263,51,3610,170,0.13,0.8,5,24,1358,08-07-2024 18:00,East,Regular,Pre,18,Closed,,58212,9612,100,08/18/2024 18:00,5.98,Z3,126.0,359.0,71.0,154.0
210,C48,142,135,331,58,1209,139,0.1,0.83,16,45,1357,08-07-2024 18:00,East,Regular,Pre,18,Closed,,58212,9612,100,08/18/2024 18:00,5.98,Z3,185.0,291.0,398.0,526.0
210,C49,165,158,274,66,2581,165,0.17,0.91,27,37,968,08-07-2024 18:00,East,Regular,Pre,18,Closed,,58212,9612,100,08/18/2024 18:00,5.98,Z3,211.0,662.0,314.0,441.0
210,C50,118,110,596,66,1753,114,0.11,0.83,26,44,1040,08-07-2024 18:00,East,Regular,Pre,18,Closed,,58212,9612,100,08/18/2024 18:00,5.98,Z3,700.0,1259.0,214.0,564.0
